Workbook

Sheet 使用说明
A1: DGX Spark 黑客松｜选题评分系统 v0.3
A2: 目标：在一次团队会议中形成可追溯的选题共识。先过硬门槛，再形成一组100分共识分，最后用证据强度与评分完整度约束结论。
A4: 一、三层决策结构
A5: 层级 | B5: 用途 | C5: 输出 | D5: 规则
A6: 1｜硬门槛 | B6: 排除没有数据、无法验证、无法交付或风险不可接受的想法 | C6: 通过 / 待验证 / 淘汰 | D6: 任一“失败”即淘汰；任一“待验证”不得直接入选
A7: 2｜会议共识评分 | B7: 比较产品价值、场景深度、Spark适配、演示、数据评估与交付 | C7: 0–100分 | D7: 团队逐项讨论并记录一个0–5共识分；按公开权重换算
A8: 3｜证据与完整度 | B8: 防止高分建立在未说清的假设上 | C8: 证据强度 + 评分完整度 | D8: 4–5分必须有证据（无证据自动封顶3分）；12项未评完不得形成最终结论
A10: 二、推荐评审流程（约45–60分钟）
A11: 1 | B11: 项目所有者用同一模板陈述：用户、场景、数据、异常定义、核心闭环、Spark必要性。
A12: 2 | B12: 团队先检查6个硬门槛；“待验证”必须明确24小时实验与负责人。
A13: 3 | B13: 主持人逐项朗读评分问题；团队讨论后只记录一个共识分，不保留个人分。
A14: 4 | B14: 无法共识时先记录保留意见和待验证假设；不要用平均数掩盖真实分歧。
A15: 5 | B15: 查看总分、六维结构、证据强度和评分完整度，形成优先、验证、备选或放弃结论。
A16: 6 | B16: 实验后更新证据索引并在下次会议重评；没有新证据，不允许靠辩论提高分数。
A18: 三、统一评分语言
A19: 分数 | B19: 含义 | C19: 证据要求 | D19: 使用提醒 | F19: 决策解释
A20: 0 | B20: 没有信息 / 不成立 | C20: 无 | D20: 不要把“不确定”当成3分 | F20: 优先：门槛全通过、总分≥80、证据≥70%。
A21: 1 | B21: 弱：主要是口号或远期愿景 | C21: 仅假设 | D21: 需要先验证基本可行性 | F21: 进入24h验证：门槛待验证且总分≥待验证总分下限（默认60），或门槛通过、总分≥70但未达优先线（含高分低证据）。
A22: 2 | B22: 部分成立，但关键环节缺失 | C22: 少量来源 | D22: 说明缺口，不补脑 | F22: 会议待完成：12项未评完，或团队尚未确认共识。
A23: 3 | B23: 可信最低线：路径清楚且可落地 | C23: 有来源或可复现说明 | D23: 可进入比较 | F23: 备选：总分60–69，价值存在但参赛竞争力不足。
A24: 4 | B24: 强：已有原型、数据或测量结果 | C24: 必须有来源 | D24: 无证据自动封顶按3分计算 | F24: 淘汰/放弃：硬门槛失败；总分<60；门槛待验证且总分<待验证总分下限。
A25: 5 | B25: 卓越：现场可演示且有对照验证 | C25: 必须已验证 | D25: 需要可复现，不接受单次演示
A27: 术语：前72小时最小纵切 = 数据输入→模型判断→可见结果，用来尽早暴露集成风险，并非72小时做完产品。核心闭环≤90秒 = 评委在90秒内看懂异常→判断→行动→结果，并非整场路演只有90秒。前三个项目均为演示数据。 v0.3新增：4–5分若对应证据系数<60%（低于“有来源”），总分计算时自动按3分封顶；被封顶项数见“会议评分”AK列。

Sheet 参数与锚点
A1: 参数与评分锚点
A2: 权重、锚点和阈值都是工作簿内的显式参数。修改这里即可重算所有项目，避免隐藏规则。
A4: ID | B4: 支柱 | C4: 评分项 | D4: 权重 | E4: 关键问题 | F4: 1分锚点 | G4: 3分锚点 | H4: 5分锚点 | I4: 所需证据 | K4: 证据状态 | L4: 系数
A5: C1 | B5: 产品与商业化 | C5: 痛点强度与用户清晰度 | D5: 10 | E5: 谁在什么时刻遭遇多严重、多频繁的问题？ | F5: 泛化痛点，没有具体用户 | G5: 用户、触发时刻和可观察损失明确 | H5: 高频或高损痛点，已有访谈/案例/量化证据 | I5: 访谈、工单、事故或业务损失证据 | K5: 未提供 | L5: 0
A6: C2 | B6: 产品与商业化 | C6: 付费方、价值与扩展路径 | D6: 10 | E6: 谁付费，为什么付费，怎样从原型走向试点？ | F6: 无付费者或只有宏大市场 | G6: 付费方与价值主张清楚，有合理试点路径 | H6: ROI/预算/渠道可量化，商业扩展自然 | I6: 采购方、ROI假设、试点或渠道证据 | K6: 假设 | L6: 0.25
A7: C3 | B7: 场景与实用性 | C7: 场景具体性与深度优先 | D7: 8 | E7: 是否聚焦一个具体工作流，并把关键例外做深？ | F7: 大而全平台，用户流程模糊 | G7: 聚焦单一场景，主流程与主要例外明确 | H7: 边界、异常、人工升级和责任链都清楚 | I7: 场景图、用户旅程、流程或SOP | K7: 有来源 | L7: 0.6
A8: C4 | B8: 场景与实用性 | C8: 行动性与实际结果 | D8: 7 | E8: 输出是否改变真实决策或推动下一步行动？ | F8: 只生成文本、总结或聊天 | G8: 给指定角色可执行建议 | H8: 完成行动、确认结果，并在不确定时升级 | I8: 行动接口、处置SOP、闭环结果 | K8: 已验证 | L8: 1
A9: C5 | B9: Spark与竞赛适配 | C9: Spark不可替代性 | D9: 8 | E9: 本地、低延迟、断网、统一内存或隐私是否是硬需求？ | F9: 普通笔记本或云API即可完成 | G9: Spark明显改善隐私、延迟或可部署性 | H9: 可现场演示断网/本地多模型/敏感数据优势 | I9: 断网测试、延迟、内存或隐私约束
A10: C6 | B10: Spark与竞赛适配 | C10: 能力互补与时间状态价值 | D10: 7 | E10: 多模型/传感器是否带来独立证据，历史状态是否必要？ | F10: 同一模型换角色，没有增量信息 | G10: 不同数据或模型各有明确贡献 | H10: 消融或时间序列证明每个感官/状态不可替代 | I10: 单模态对照、消融、轨迹或状态样例
A11: C7 | B11: 演示与闭环 | C11: 核心价值闭环≤90秒 | D11: 8 | E11: 评委能否在90秒内看到异常→判断→行动→结果？（不等于整场路演只有90秒） | F11: 超过3分钟或没有明确终点 | G11: 90秒内有清楚的前后变化 | H11: 60秒内闭环，失败/分歧也有处理 | I11: 固定演示脚本、录屏或端到端计时 | K11: 决策阈值 | L11: 值
A12: C8 | B12: 演示与闭环 | C12: 可视化、直观性与wow | D12: 7 | E12: 核心价值是否无需解释就能被看见？ | F12: 主要是终端或长文本 | G12: 地图、时间线、3D、叠加层等表达清楚 | H12: 视觉变化直观，同时展示依据、不确定性和结果 | I12: 界面原型、故事板、视觉证据 | K12: 优先总分 | L12: 80
A13: C9 | B13: 数据与评估 | C13: 数据可信、合法与可获得 | D13: 10 | E13: 数据能否及时获得，来源、许可、版本和覆盖是否可信？ | F13: 没有数据或来源不明 | G13: 数据可访问且出处/许可清楚 | H13: 权威、版本化、有覆盖和标签，并有离线副本 | I13: 权威URL、许可、样本、版本或数据字典 | K13: 优先证据强度 | L13: 0.7
A14: C10 | B14: 数据与评估 | C14: 异常定义、指标与透明审计 | D14: 10 | E14: 异常/成功能否被规则化、复现和量化评估？ | F14: 只有“AI识别风险”等模糊描述 | G14: 阈值、标签和指标明确，可重复评测 | H14: 有基线、测试集、误报漏报和完整审计链 | I14: 标注规范、测试集、指标、基线和日志 | K14: 验证总分 | L14: 70 | M14: 总分≥此值且未达优先线 → 进入24h验证（含高分低证据）
A15: C11 | B15: 交付与风险 | C15: 前72h最小端到端链路 | D15: 8 | E15: 前三天能否跑通数据输入→模型判断→可见结果？（不要求完成整个产品） | F15: 范围超过赛期或依赖过多 | G15: 72小时内最小链路可行，责任可拆分 | H15: 24–48小时骨架可运行，关键依赖已验证 | I15: 任务图、时间盒、负责人和纵切计划 | K15: 待验证总分下限 | L15: 60 | M15: 门槛待验证且总分低于此值 → 放弃
A16: C12 | B16: 交付与风险 | C16: 技术风险、资源预算与降级 | D16: 7 | E16: aarch64、内存、模型、网络和失败恢复是否有可靠后路？ | F16: 关键模型未验证，OOM或依赖风险高 | G16: 有内存预算、主路径测试和替代方案 | H16: 延迟/内存已测，有降级、重启和断网恢复 | I16: Spark实测、资源预算、fallback与恢复测试 | K16: 备选下限 | L16: 60
A17: 权重合计（必须=100） | D17: =SUM(D5:D16) | K17: 评分完整度要求 | L17: 1
K20: 6个硬门槛（通过 / 待验证 / 失败）
K21: G1 | L21: 数据48小时可用 | M21: 合法、可下载、可留离线副本 | N21: 失败：核心数据不可获得或许可不明
K22: G2 | L22: 异常48小时可定义 | M22: 标签、规则或代理真值可写成测试 | N22: 失败：只能靠主观感觉判断好坏
K23: G3 | L23: 前72h最小链路 | M23: 数据输入→模型判断→可见结果可运行；不是完成整个产品 | N23: 失败：关键路径依赖赛期外工作
K24: G4 | L24: 核心闭环≤90秒 | M24: 固定回放能在90秒内展示异常→判断→行动→结果；不是整场路演时长 | N24: 失败：依赖不可控直播或临场输入
K25: G5 | L25: Spark技术路径 | M25: aarch64、模型、内存和运行时有方案 | N25: 失败：没有可运行模型或可靠降级
K26: G6 | L26: 安全与责任边界 | M26: 隐私、误报、人工确认和禁止动作明确 | N26: 失败：不可接受法律/安全风险

Sheet 项目清单
A1: 项目清单与团队汇总
A2: 黄色为输入；蓝灰为公式。先填写A–P，再由团队在“会议评分”逐项形成一个共识分，并在“证据索引”登记依据。前三行是可覆盖的演示数据。
A4: 项目ID | B4: 项目名称 | C4: 一句话场景 | D4: 目标用户 | E4: 付费者/采购方 | F4: 商业化路径 | G4: 可信数据来源 | H4: 可验证异常/目标 | I4: 核心闭环≤90秒 | J4: Spark不可替代性 | K4: G1 数据48h | L4: G2 异常定义 | M4: G3 前72h链路 | N4: G4 90秒闭环 | O4: G5 Spark路径 | P4: G6 安全边界 | Q4: 门槛结果 | R4: 产品商业 | S4: 场景实用 | T4: Spark竞赛 | U4: 演示闭环 | V4: 数据评估 | W4: 交付风险 | X4: 总分 | Y4: 证据强度 | Z4: 评分完整度 | AA4: 会议状态 | AB4: 排名 | AC4: 建议 | AD4: 下一步实验
A5: P01 | B5: 示例｜港口多模态异常值守 | C5: 值守员同时看到AIS、视频与气象，在60秒内识别异常靠近并确认处置 | D5: 港口调度与安全值守 | E5: 港口运营方、海事监管 | F5: 边缘安全设备 + 年服务 | G5: AIS回放、公开视频、气象样本（待核实） | H5: 无AIS目标进入禁区；轨迹与视频不一致 | I5: 回放→检测→跨模态校验→分级→处置确认 | J5: 敏感视频不出站；断网仍判断；多模型本地运行 | K5: 待验证 | L5: 通过 | M5: 通过 | N5: 通过 | O5: 待验证 | P5: 通过 | Q5: =IF(B5="","",IF(COUNTIF(K5:P5,"失败")>0,"淘汰",IF(COUNTIF(K5:P5,"待验证")>0,"待验证","通过"))) | R5: =IF(B5="","",IFERROR(INDEX('会议评分'!$O$5:$O$14,MATCH($A5,'会议评分'!$A$5:$A$14,0)),"")) | S5: =IF(B5="","",IFERROR(INDEX('会议评分'!$P$5:$P$14,MATCH($A5,'会议评分'!$A$5:$A$14,0)),"")) | T5: =IF(B5="","",IFERROR(INDEX('会议评分'!$Q$5:$Q$14,MATCH($A5,'会议评分'!$A$5:$A$14,0)),"")) | U5: =IF(B5="","",IFERROR(INDEX('会议评分'!$R$5:$R$14,MATCH($A5,'会议评分'!$A$5:$A$14,0)),"")) | V5: =IF(B5="","",IFERROR(INDEX('会议评分'!$S$5:$S$14,MATCH($A5,'会议评分'!$A$5:$A$14,0)),"")) | W5: =IF(B5="","",IFERROR(INDEX('会议评分'!$T$5:$T$14,MATCH($A5,'会议评分'!$A$5:$A$14,0)),"")) | X5: =IF(B5="","",IFERROR(INDEX('会议评分'!$U$5:$U$14,MATCH($A5,'会议评分'!$A$5:$A$14,0)),"")) | Y5: =IF(B5="","",IFERROR(AVERAGEIF('证据索引'!$A$5:$A$124,$A5,'证据索引'!$I$5:$I$124),0)) | Z5: =IF(B5="","",IFERROR(INDEX('会议评分'!$V$5:$V$14,MATCH($A5,'会议评分'!$A$5:$A$14,0)),0)) | AA5: =IF(B5="","",IFERROR(INDEX('会议评分'!$B$5:$B$14,MATCH($A5,'会议评分'!$A$5:$A$14,0)),"未评")) | AB5: =IF(B5="","",COUNTIF($X$5:$X$14,">"&X5)+COUNTIF($X$5:X5,X5)) | AC5: =IF(B5="","",IF(Q5="淘汰","淘汰",IF(Z5>='参数与锚点'!$L$17,IF(AA5="已达成共识",IF(Q5="待验证",IF(X5>='参数与锚点'!$L$15,"进入24h验证","放弃"),IF(AND(X5>='参数与锚点'!$L$12,Y5>='参数与锚点'!$L$13),"优先",IF(X5>='参数与锚点'!$L$14,"进入24h验证",IF(X5>='参数与锚点'!$L$16,"备选","放弃")))),"会议待完成"),"会议待完成"))) | AD5: 确认可合法下载的数据；在Spark上验证两条模型路径与内存预算
A6: P02 | B6: 示例｜船员疲劳与跌倒预警 | C6: 在驾驶台本地识别疲劳、跌倒与呼救，并向值班负责人升级 | D6: 船员、船长与安全主管 | E6: 船运公司、船舶管理方 | F6: 船载安全系统 + 合规服务 | G6: 公开视频、姿态样本、合成音频（待核实） | H6: 闭眼/姿态异常持续阈值；跌倒后无恢复动作 | I6: 视频/音频→风险融合→提示→人工确认 | J6: 船上断网；隐私音视频；低延迟值守 | K6: 待验证 | L6: 通过 | M6: 通过 | N6: 通过 | O6: 待验证 | P6: 待验证 | Q6: =IF(B6="","",IF(COUNTIF(K6:P6,"失败")>0,"淘汰",IF(COUNTIF(K6:P6,"待验证")>0,"待验证","通过"))) | R6: =IF(B6="","",IFERROR(INDEX('会议评分'!$O$5:$O$14,MATCH($A6,'会议评分'!$A$5:$A$14,0)),"")) | S6: =IF(B6="","",IFERROR(INDEX('会议评分'!$P$5:$P$14,MATCH($A6,'会议评分'!$A$5:$A$14,0)),"")) | T6: =IF(B6="","",IFERROR(INDEX('会议评分'!$Q$5:$Q$14,MATCH($A6,'会议评分'!$A$5:$A$14,0)),"")) | U6: =IF(B6="","",IFERROR(INDEX('会议评分'!$R$5:$R$14,MATCH($A6,'会议评分'!$A$5:$A$14,0)),"")) | V6: =IF(B6="","",IFERROR(INDEX('会议评分'!$S$5:$S$14,MATCH($A6,'会议评分'!$A$5:$A$14,0)),"")) | W6: =IF(B6="","",IFERROR(INDEX('会议评分'!$T$5:$T$14,MATCH($A6,'会议评分'!$A$5:$A$14,0)),"")) | X6: =IF(B6="","",IFERROR(INDEX('会议评分'!$U$5:$U$14,MATCH($A6,'会议评分'!$A$5:$A$14,0)),"")) | Y6: =IF(B6="","",IFERROR(AVERAGEIF('证据索引'!$A$5:$A$124,$A6,'证据索引'!$I$5:$I$124),0)) | Z6: =IF(B6="","",IFERROR(INDEX('会议评分'!$V$5:$V$14,MATCH($A6,'会议评分'!$A$5:$A$14,0)),0)) | AA6: =IF(B6="","",IFERROR(INDEX('会议评分'!$B$5:$B$14,MATCH($A6,'会议评分'!$A$5:$A$14,0)),"未评")) | AB6: =IF(B6="","",COUNTIF($X$5:$X$14,">"&X6)+COUNTIF($X$5:X6,X6)) | AC6: =IF(B6="","",IF(Q6="淘汰","淘汰",IF(Z6>='参数与锚点'!$L$17,IF(AA6="已达成共识",IF(Q6="待验证",IF(X6>='参数与锚点'!$L$15,"进入24h验证","放弃"),IF(AND(X6>='参数与锚点'!$L$12,Y6>='参数与锚点'!$L$13),"优先",IF(X6>='参数与锚点'!$L$14,"进入24h验证",IF(X6>='参数与锚点'!$L$16,"备选","放弃")))),"会议待完成"),"会议待完成"))) | AD6: 锁定跌倒/疲劳标注规范；验证姿态与音频融合是否降低误报
A7: P03 | B7: 示例｜海事事故证据复盘助手 | C7: 把AIS、日志、视频与气象合成可审计时间线并解释关键决策点 | D7: 事故调查员、保险与安全团队 | E7: 监管、船东、保险机构 | F7: 调查工作台 + 企业许可 | G7: 事故报告、AIS与气象历史数据（待核实） | H7: 轨迹偏离、规则冲突、时间线证据缺口 | I7: 导入→时间对齐→异常节点→证据引用→复盘结论 | J7: 敏感事故材料本地处理；大上下文与多模态 | K7: 待验证 | L7: 通过 | M7: 通过 | N7: 通过 | O7: 待验证 | P7: 通过 | Q7: =IF(B7="","",IF(COUNTIF(K7:P7,"失败")>0,"淘汰",IF(COUNTIF(K7:P7,"待验证")>0,"待验证","通过"))) | R7: =IF(B7="","",IFERROR(INDEX('会议评分'!$O$5:$O$14,MATCH($A7,'会议评分'!$A$5:$A$14,0)),"")) | S7: =IF(B7="","",IFERROR(INDEX('会议评分'!$P$5:$P$14,MATCH($A7,'会议评分'!$A$5:$A$14,0)),"")) | T7: =IF(B7="","",IFERROR(INDEX('会议评分'!$Q$5:$Q$14,MATCH($A7,'会议评分'!$A$5:$A$14,0)),"")) | U7: =IF(B7="","",IFERROR(INDEX('会议评分'!$R$5:$R$14,MATCH($A7,'会议评分'!$A$5:$A$14,0)),"")) | V7: =IF(B7="","",IFERROR(INDEX('会议评分'!$S$5:$S$14,MATCH($A7,'会议评分'!$A$5:$A$14,0)),"")) | W7: =IF(B7="","",IFERROR(INDEX('会议评分'!$T$5:$T$14,MATCH($A7,'会议评分'!$A$5:$A$14,0)),"")) | X7: =IF(B7="","",IFERROR(INDEX('会议评分'!$U$5:$U$14,MATCH($A7,'会议评分'!$A$5:$A$14,0)),"")) | Y7: =IF(B7="","",IFERROR(AVERAGEIF('证据索引'!$A$5:$A$124,$A7,'证据索引'!$I$5:$I$124),0)) | Z7: =IF(B7="","",IFERROR(INDEX('会议评分'!$V$5:$V$14,MATCH($A7,'会议评分'!$A$5:$A$14,0)),0)) | AA7: =IF(B7="","",IFERROR(INDEX('会议评分'!$B$5:$B$14,MATCH($A7,'会议评分'!$A$5:$A$14,0)),"未评")) | AB7: =IF(B7="","",COUNTIF($X$5:$X$14,">"&X7)+COUNTIF($X$5:X7,X7)) | AC7: =IF(B7="","",IF(Q7="淘汰","淘汰",IF(Z7>='参数与锚点'!$L$17,IF(AA7="已达成共识",IF(Q7="待验证",IF(X7>='参数与锚点'!$L$15,"进入24h验证","放弃"),IF(AND(X7>='参数与锚点'!$L$12,Y7>='参数与锚点'!$L$13),"优先",IF(X7>='参数与锚点'!$L$14,"进入24h验证",IF(X7>='参数与锚点'!$L$16,"备选","放弃")))),"会议待完成"),"会议待完成"))) | AD7: 确认事故数据许可；做一条可复现的时间线异常基线
A8: P04 | K8: 待验证 | L8: 待验证 | M8: 待验证 | N8: 待验证 | O8: 待验证 | P8: 待验证 | Q8: =IF(B8="","",IF(COUNTIF(K8:P8,"失败")>0,"淘汰",IF(COUNTIF(K8:P8,"待验证")>0,"待验证","通过"))) | R8: =IF(B8="","",IFERROR(INDEX('会议评分'!$O$5:$O$14,MATCH($A8,'会议评分'!$A$5:$A$14,0)),"")) | S8: =IF(B8="","",IFERROR(INDEX('会议评分'!$P$5:$P$14,MATCH($A8,'会议评分'!$A$5:$A$14,0)),"")) | T8: =IF(B8="","",IFERROR(INDEX('会议评分'!$Q$5:$Q$14,MATCH($A8,'会议评分'!$A$5:$A$14,0)),"")) | U8: =IF(B8="","",IFERROR(INDEX('会议评分'!$R$5:$R$14,MATCH($A8,'会议评分'!$A$5:$A$14,0)),"")) | V8: =IF(B8="","",IFERROR(INDEX('会议评分'!$S$5:$S$14,MATCH($A8,'会议评分'!$A$5:$A$14,0)),"")) | W8: =IF(B8="","",IFERROR(INDEX('会议评分'!$T$5:$T$14,MATCH($A8,'会议评分'!$A$5:$A$14,0)),"")) | X8: =IF(B8="","",IFERROR(INDEX('会议评分'!$U$5:$U$14,MATCH($A8,'会议评分'!$A$5:$A$14,0)),"")) | Y8: =IF(B8="","",IFERROR(AVERAGEIF('证据索引'!$A$5:$A$124,$A8,'证据索引'!$I$5:$I$124),0)) | Z8: =IF(B8="","",IFERROR(INDEX('会议评分'!$V$5:$V$14,MATCH($A8,'会议评分'!$A$5:$A$14,0)),0)) | AA8: =IF(B8="","",IFERROR(INDEX('会议评分'!$B$5:$B$14,MATCH($A8,'会议评分'!$A$5:$A$14,0)),"未评")) | AB8: =IF(B8="","",COUNTIF($X$5:$X$14,">"&X8)+COUNTIF($X$5:X8,X8)) | AC8: =IF(B8="","",IF(Q8="淘汰","淘汰",IF(Z8>='参数与锚点'!$L$17,IF(AA8="已达成共识",IF(Q8="待验证",IF(X8>='参数与锚点'!$L$15,"进入24h验证","放弃"),IF(AND(X8>='参数与锚点'!$L$12,Y8>='参数与锚点'!$L$13),"优先",IF(X8>='参数与锚点'!$L$14,"进入24h验证",IF(X8>='参数与锚点'!$L$16,"备选","放弃")))),"会议待完成"),"会议待完成")))
A9: P05 | K9: 待验证 | L9: 待验证 | M9: 待验证 | N9: 待验证 | O9: 待验证 | P9: 待验证 | Q9: =IF(B9="","",IF(COUNTIF(K9:P9,"失败")>0,"淘汰",IF(COUNTIF(K9:P9,"待验证")>0,"待验证","通过"))) | R9: =IF(B9="","",IFERROR(INDEX('会议评分'!$O$5:$O$14,MATCH($A9,'会议评分'!$A$5:$A$14,0)),"")) | S9: =IF(B9="","",IFERROR(INDEX('会议评分'!$P$5:$P$14,MATCH($A9,'会议评分'!$A$5:$A$14,0)),"")) | T9: =IF(B9="","",IFERROR(INDEX('会议评分'!$Q$5:$Q$14,MATCH($A9,'会议评分'!$A$5:$A$14,0)),"")) | U9: =IF(B9="","",IFERROR(INDEX('会议评分'!$R$5:$R$14,MATCH($A9,'会议评分'!$A$5:$A$14,0)),"")) | V9: =IF(B9="","",IFERROR(INDEX('会议评分'!$S$5:$S$14,MATCH($A9,'会议评分'!$A$5:$A$14,0)),"")) | W9: =IF(B9="","",IFERROR(INDEX('会议评分'!$T$5:$T$14,MATCH($A9,'会议评分'!$A$5:$A$14,0)),"")) | X9: =IF(B9="","",IFERROR(INDEX('会议评分'!$U$5:$U$14,MATCH($A9,'会议评分'!$A$5:$A$14,0)),"")) | Y9: =IF(B9="","",IFERROR(AVERAGEIF('证据索引'!$A$5:$A$124,$A9,'证据索引'!$I$5:$I$124),0)) | Z9: =IF(B9="","",IFERROR(INDEX('会议评分'!$V$5:$V$14,MATCH($A9,'会议评分'!$A$5:$A$14,0)),0)) | AA9: =IF(B9="","",IFERROR(INDEX('会议评分'!$B$5:$B$14,MATCH($A9,'会议评分'!$A$5:$A$14,0)),"未评")) | AB9: =IF(B9="","",COUNTIF($X$5:$X$14,">"&X9)+COUNTIF($X$5:X9,X9)) | AC9: =IF(B9="","",IF(Q9="淘汰","淘汰",IF(Z9>='参数与锚点'!$L$17,IF(AA9="已达成共识",IF(Q9="待验证",IF(X9>='参数与锚点'!$L$15,"进入24h验证","放弃"),IF(AND(X9>='参数与锚点'!$L$12,Y9>='参数与锚点'!$L$13),"优先",IF(X9>='参数与锚点'!$L$14,"进入24h验证",IF(X9>='参数与锚点'!$L$16,"备选","放弃")))),"会议待完成"),"会议待完成")))
A10: P06 | K10: 待验证 | L10: 待验证 | M10: 待验证 | N10: 待验证 | O10: 待验证 | P10: 待验证 | Q10: =IF(B10="","",IF(COUNTIF(K10:P10,"失败")>0,"淘汰",IF(COUNTIF(K10:P10,"待验证")>0,"待验证","通过"))) | R10: =IF(B10="","",IFERROR(INDEX('会议评分'!$O$5:$O$14,MATCH($A10,'会议评分'!$A$5:$A$14,0)),"")) | S10: =IF(B10="","",IFERROR(INDEX('会议评分'!$P$5:$P$14,MATCH($A10,'会议评分'!$A$5:$A$14,0)),"")) | T10: =IF(B10="","",IFERROR(INDEX('会议评分'!$Q$5:$Q$14,MATCH($A10,'会议评分'!$A$5:$A$14,0)),"")) | U10: =IF(B10="","",IFERROR(INDEX('会议评分'!$R$5:$R$14,MATCH($A10,'会议评分'!$A$5:$A$14,0)),"")) | V10: =IF(B10="","",IFERROR(INDEX('会议评分'!$S$5:$S$14,MATCH($A10,'会议评分'!$A$5:$A$14,0)),"")) | W10: =IF(B10="","",IFERROR(INDEX('会议评分'!$T$5:$T$14,MATCH($A10,'会议评分'!$A$5:$A$14,0)),"")) | X10: =IF(B10="","",IFERROR(INDEX('会议评分'!$U$5:$U$14,MATCH($A10,'会议评分'!$A$5:$A$14,0)),"")) | Y10: =IF(B10="","",IFERROR(AVERAGEIF('证据索引'!$A$5:$A$124,$A10,'证据索引'!$I$5:$I$124),0)) | Z10: =IF(B10="","",IFERROR(INDEX('会议评分'!$V$5:$V$14,MATCH($A10,'会议评分'!$A$5:$A$14,0)),0)) | AA10: =IF(B10="","",IFERROR(INDEX('会议评分'!$B$5:$B$14,MATCH($A10,'会议评分'!$A$5:$A$14,0)),"未评")) | AB10: =IF(B10="","",COUNTIF($X$5:$X$14,">"&X10)+COUNTIF($X$5:X10,X10)) | AC10: =IF(B10="","",IF(Q10="淘汰","淘汰",IF(Z10>='参数与锚点'!$L$17,IF(AA10="已达成共识",IF(Q10="待验证",IF(X10>='参数与锚点'!$L$15,"进入24h验证","放弃"),IF(AND(X10>='参数与锚点'!$L$12,Y10>='参数与锚点'!$L$13),"优先",IF(X10>='参数与锚点'!$L$14,"进入24h验证",IF(X10>='参数与锚点'!$L$16,"备选","放弃")))),"会议待完成"),"会议待完成")))
A11: P07 | K11: 待验证 | L11: 待验证 | M11: 待验证 | N11: 待验证 | O11: 待验证 | P11: 待验证 | Q11: =IF(B11="","",IF(COUNTIF(K11:P11,"失败")>0,"淘汰",IF(COUNTIF(K11:P11,"待验证")>0,"待验证","通过"))) | R11: =IF(B11="","",IFERROR(INDEX('会议评分'!$O$5:$O$14,MATCH($A11,'会议评分'!$A$5:$A$14,0)),"")) | S11: =IF(B11="","",IFERROR(INDEX('会议评分'!$P$5:$P$14,MATCH($A11,'会议评分'!$A$5:$A$14,0)),"")) | T11: =IF(B11="","",IFERROR(INDEX('会议评分'!$Q$5:$Q$14,MATCH($A11,'会议评分'!$A$5:$A$14,0)),"")) | U11: =IF(B11="","",IFERROR(INDEX('会议评分'!$R$5:$R$14,MATCH($A11,'会议评分'!$A$5:$A$14,0)),"")) | V11: =IF(B11="","",IFERROR(INDEX('会议评分'!$S$5:$S$14,MATCH($A11,'会议评分'!$A$5:$A$14,0)),"")) | W11: =IF(B11="","",IFERROR(INDEX('会议评分'!$T$5:$T$14,MATCH($A11,'会议评分'!$A$5:$A$14,0)),"")) | X11: =IF(B11="","",IFERROR(INDEX('会议评分'!$U$5:$U$14,MATCH($A11,'会议评分'!$A$5:$A$14,0)),"")) | Y11: =IF(B11="","",IFERROR(AVERAGEIF('证据索引'!$A$5:$A$124,$A11,'证据索引'!$I$5:$I$124),0)) | Z11: =IF(B11="","",IFERROR(INDEX('会议评分'!$V$5:$V$14,MATCH($A11,'会议评分'!$A$5:$A$14,0)),0)) | AA11: =IF(B11="","",IFERROR(INDEX('会议评分'!$B$5:$B$14,MATCH($A11,'会议评分'!$A$5:$A$14,0)),"未评")) | AB11: =IF(B11="","",COUNTIF($X$5:$X$14,">"&X11)+COUNTIF($X$5:X11,X11)) | AC11: =IF(B11="","",IF(Q11="淘汰","淘汰",IF(Z11>='参数与锚点'!$L$17,IF(AA11="已达成共识",IF(Q11="待验证",IF(X11>='参数与锚点'!$L$15,"进入24h验证","放弃"),IF(AND(X11>='参数与锚点'!$L$12,Y11>='参数与锚点'!$L$13),"优先",IF(X11>='参数与锚点'!$L$14,"进入24h验证",IF(X11>='参数与锚点'!$L$16,"备选","放弃")))),"会议待完成"),"会议待完成")))
A12: P08 | K12: 待验证 | L12: 待验证 | M12: 待验证 | N12: 待验证 | O12: 待验证 | P12: 待验证 | Q12: =IF(B12="","",IF(COUNTIF(K12:P12,"失败")>0,"淘汰",IF(COUNTIF(K12:P12,"待验证")>0,"待验证","通过"))) | R12: =IF(B12="","",IFERROR(INDEX('会议评分'!$O$5:$O$14,MATCH($A12,'会议评分'!$A$5:$A$14,0)),"")) | S12: =IF(B12="","",IFERROR(INDEX('会议评分'!$P$5:$P$14,MATCH($A12,'会议评分'!$A$5:$A$14,0)),"")) | T12: =IF(B12="","",IFERROR(INDEX('会议评分'!$Q$5:$Q$14,MATCH($A12,'会议评分'!$A$5:$A$14,0)),"")) | U12: =IF(B12="","",IFERROR(INDEX('会议评分'!$R$5:$R$14,MATCH($A12,'会议评分'!$A$5:$A$14,0)),"")) | V12: =IF(B12="","",IFERROR(INDEX('会议评分'!$S$5:$S$14,MATCH($A12,'会议评分'!$A$5:$A$14,0)),"")) | W12: =IF(B12="","",IFERROR(INDEX('会议评分'!$T$5:$T$14,MATCH($A12,'会议评分'!$A$5:$A$14,0)),"")) | X12: =IF(B12="","",IFERROR(INDEX('会议评分'!$U$5:$U$14,MATCH($A12,'会议评分'!$A$5:$A$14,0)),"")) | Y12: =IF(B12="","",IFERROR(AVERAGEIF('证据索引'!$A$5:$A$124,$A12,'证据索引'!$I$5:$I$124),0)) | Z12: =IF(B12="","",IFERROR(INDEX('会议评分'!$V$5:$V$14,MATCH($A12,'会议评分'!$A$5:$A$14,0)),0)) | AA12: =IF(B12="","",IFERROR(INDEX('会议评分'!$B$5:$B$14,MATCH($A12,'会议评分'!$A$5:$A$14,0)),"未评")) | AB12: =IF(B12="","",COUNTIF($X$5:$X$14,">"&X12)+COUNTIF($X$5:X12,X12)) | AC12: =IF(B12="","",IF(Q12="淘汰","淘汰",IF(Z12>='参数与锚点'!$L$17,IF(AA12="已达成共识",IF(Q12="待验证",IF(X12>='参数与锚点'!$L$15,"进入24h验证","放弃"),IF(AND(X12>='参数与锚点'!$L$12,Y12>='参数与锚点'!$L$13),"优先",IF(X12>='参数与锚点'!$L$14,"进入24h验证",IF(X12>='参数与锚点'!$L$16,"备选","放弃")))),"会议待完成"),"会议待完成")))
A13: P09 | K13: 待验证 | L13: 待验证 | M13: 待验证 | N13: 待验证 | O13: 待验证 | P13: 待验证 | Q13: =IF(B13="","",IF(COUNTIF(K13:P13,"失败")>0,"淘汰",IF(COUNTIF(K13:P13,"待验证")>0,"待验证","通过"))) | R13: =IF(B13="","",IFERROR(INDEX('会议评分'!$O$5:$O$14,MATCH($A13,'会议评分'!$A$5:$A$14,0)),"")) | S13: =IF(B13="","",IFERROR(INDEX('会议评分'!$P$5:$P$14,MATCH($A13,'会议评分'!$A$5:$A$14,0)),"")) | T13: =IF(B13="","",IFERROR(INDEX('会议评分'!$Q$5:$Q$14,MATCH($A13,'会议评分'!$A$5:$A$14,0)),"")) | U13: =IF(B13="","",IFERROR(INDEX('会议评分'!$R$5:$R$14,MATCH($A13,'会议评分'!$A$5:$A$14,0)),"")) | V13: =IF(B13="","",IFERROR(INDEX('会议评分'!$S$5:$S$14,MATCH($A13,'会议评分'!$A$5:$A$14,0)),"")) | W13: =IF(B13="","",IFERROR(INDEX('会议评分'!$T$5:$T$14,MATCH($A13,'会议评分'!$A$5:$A$14,0)),"")) | X13: =IF(B13="","",IFERROR(INDEX('会议评分'!$U$5:$U$14,MATCH($A13,'会议评分'!$A$5:$A$14,0)),"")) | Y13: =IF(B13="","",IFERROR(AVERAGEIF('证据索引'!$A$5:$A$124,$A13,'证据索引'!$I$5:$I$124),0)) | Z13: =IF(B13="","",IFERROR(INDEX('会议评分'!$V$5:$V$14,MATCH($A13,'会议评分'!$A$5:$A$14,0)),0)) | AA13: =IF(B13="","",IFERROR(INDEX('会议评分'!$B$5:$B$14,MATCH($A13,'会议评分'!$A$5:$A$14,0)),"未评")) | AB13: =IF(B13="","",COUNTIF($X$5:$X$14,">"&X13)+COUNTIF($X$5:X13,X13)) | AC13: =IF(B13="","",IF(Q13="淘汰","淘汰",IF(Z13>='参数与锚点'!$L$17,IF(AA13="已达成共识",IF(Q13="待验证",IF(X13>='参数与锚点'!$L$15,"进入24h验证","放弃"),IF(AND(X13>='参数与锚点'!$L$12,Y13>='参数与锚点'!$L$13),"优先",IF(X13>='参数与锚点'!$L$14,"进入24h验证",IF(X13>='参数与锚点'!$L$16,"备选","放弃")))),"会议待完成"),"会议待完成")))
A14: P10 | K14: 待验证 | L14: 待验证 | M14: 待验证 | N14: 待验证 | O14: 待验证 | P14: 待验证 | Q14: =IF(B14="","",IF(COUNTIF(K14:P14,"失败")>0,"淘汰",IF(COUNTIF(K14:P14,"待验证")>0,"待验证","通过"))) | R14: =IF(B14="","",IFERROR(INDEX('会议评分'!$O$5:$O$14,MATCH($A14,'会议评分'!$A$5:$A$14,0)),"")) | S14: =IF(B14="","",IFERROR(INDEX('会议评分'!$P$5:$P$14,MATCH($A14,'会议评分'!$A$5:$A$14,0)),"")) | T14: =IF(B14="","",IFERROR(INDEX('会议评分'!$Q$5:$Q$14,MATCH($A14,'会议评分'!$A$5:$A$14,0)),"")) | U14: =IF(B14="","",IFERROR(INDEX('会议评分'!$R$5:$R$14,MATCH($A14,'会议评分'!$A$5:$A$14,0)),"")) | V14: =IF(B14="","",IFERROR(INDEX('会议评分'!$S$5:$S$14,MATCH($A14,'会议评分'!$A$5:$A$14,0)),"")) | W14: =IF(B14="","",IFERROR(INDEX('会议评分'!$T$5:$T$14,MATCH($A14,'会议评分'!$A$5:$A$14,0)),"")) | X14: =IF(B14="","",IFERROR(INDEX('会议评分'!$U$5:$U$14,MATCH($A14,'会议评分'!$A$5:$A$14,0)),"")) | Y14: =IF(B14="","",IFERROR(AVERAGEIF('证据索引'!$A$5:$A$124,$A14,'证据索引'!$I$5:$I$124),0)) | Z14: =IF(B14="","",IFERROR(INDEX('会议评分'!$V$5:$V$14,MATCH($A14,'会议评分'!$A$5:$A$14,0)),0)) | AA14: =IF(B14="","",IFERROR(INDEX('会议评分'!$B$5:$B$14,MATCH($A14,'会议评分'!$A$5:$A$14,0)),"未评")) | AB14: =IF(B14="","",COUNTIF($X$5:$X$14,">"&X14)+COUNTIF($X$5:X14,X14)) | AC14: =IF(B14="","",IF(Q14="淘汰","淘汰",IF(Z14>='参数与锚点'!$L$17,IF(AA14="已达成共识",IF(Q14="待验证",IF(X14>='参数与锚点'!$L$15,"进入24h验证","放弃"),IF(AND(X14>='参数与锚点'!$L$12,Y14>='参数与锚点'!$L$13),"优先",IF(X14>='参数与锚点'!$L$14,"进入24h验证",IF(X14>='参数与锚点'!$L$16,"备选","放弃")))),"会议待完成"),"会议待完成")))

Sheet 会议评分
A1: 会议共识评分
A2: 每个项目只保留一行会议结论。团队逐项讨论C1–C12并记录一个0–5共识分；无法共识时写入保留意见。Y–AJ为证据封顶后的有效分（4–5分若证据系数<60%自动按3分计算），AK统计被封顶项数；O–V按有效分自动计算六个支柱、总分与评分完整度。
A4: 项目ID | B4: 会议状态 | C4: C1 | D4: C2 | E4: C3 | F4: C4 | G4: C5 | H4: C6 | I4: C7 | J4: C8 | K4: C9 | L4: C10 | M4: C11 | N4: C12 | O4: 产品商业 | P4: 场景实用 | Q4: Spark竞赛 | R4: 演示闭环 | S4: 数据评估 | T4: 交付风险 | U4: 总分 | V4: 评分完整度 | W4: 共识依据 | X4: 保留意见/待验证 | Y4: C1有效 | Z4: C2有效 | AA4: C3有效 | AB4: C4有效 | AC4: C5有效 | AD4: C6有效 | AE4: C7有效 | AF4: C8有效 | AG4: C9有效 | AH4: C10有效 | AI4: C11有效 | AJ4: C12有效 | AK4: 证据封顶项数
A5: P01 | B5: 已达成共识 | C5: 4 | D5: 3 | E5: 4 | F5: 4 | G5: 5 | H5: 4 | I5: 5 | J5: 5 | K5: 4 | L5: 4 | M5: 4 | N5: 3 | O5: =IF(A5="","",(Y5*'参数与锚点'!$D$5+Z5*'参数与锚点'!$D$6)/5) | P5: =IF(A5="","",(AA5*'参数与锚点'!$D$7+AB5*'参数与锚点'!$D$8)/5) | Q5: =IF(A5="","",(AC5*'参数与锚点'!$D$9+AD5*'参数与锚点'!$D$10)/5) | R5: =IF(A5="","",(AE5*'参数与锚点'!$D$11+AF5*'参数与锚点'!$D$12)/5) | S5: =IF(A5="","",(AG5*'参数与锚点'!$D$13+AH5*'参数与锚点'!$D$14)/5) | T5: =IF(A5="","",(AI5*'参数与锚点'!$D$15+AJ5*'参数与锚点'!$D$16)/5) | U5: =IF(A5="","",SUM(O5:T5)) | V5: =IF(A5="","",COUNT(C5:N5)/12) | W5: 闭环直观；多模态证据互补；Spark本地运行叙事自然。 | X5: 真实异常标签、AIS与视频同步、模型内存尚未实测。 | Y5: =IF($A5="","",IF(C5="",0,MIN(C5,3+2*(SUMIFS('证据索引'!$I$5:$I$124,'证据索引'!$A$5:$A$124,$A5,'证据索引'!$B$5:$B$124,C$4)>='参数与锚点'!$L$7)))) | Z5: =IF($A5="","",IF(D5="",0,MIN(D5,3+2*(SUMIFS('证据索引'!$I$5:$I$124,'证据索引'!$A$5:$A$124,$A5,'证据索引'!$B$5:$B$124,D$4)>='参数与锚点'!$L$7)))) | AA5: =IF($A5="","",IF(E5="",0,MIN(E5,3+2*(SUMIFS('证据索引'!$I$5:$I$124,'证据索引'!$A$5:$A$124,$A5,'证据索引'!$B$5:$B$124,E$4)>='参数与锚点'!$L$7)))) | AB5: =IF($A5="","",IF(F5="",0,MIN(F5,3+2*(SUMIFS('证据索引'!$I$5:$I$124,'证据索引'!$A$5:$A$124,$A5,'证据索引'!$B$5:$B$124,F$4)>='参数与锚点'!$L$7)))) | AC5: =IF($A5="","",IF(G5="",0,MIN(G5,3+2*(SUMIFS('证据索引'!$I$5:$I$124,'证据索引'!$A$5:$A$124,$A5,'证据索引'!$B$5:$B$124,G$4)>='参数与锚点'!$L$7)))) | AD5: =IF($A5="","",IF(H5="",0,MIN(H5,3+2*(SUMIFS('证据索引'!$I$5:$I$124,'证据索引'!$A$5:$A$124,$A5,'证据索引'!$B$5:$B$124,H$4)>='参数与锚点'!$L$7)))) | AE5: =IF($A5="","",IF(I5="",0,MIN(I5,3+2*(SUMIFS('证据索引'!$I$5:$I$124,'证据索引'!$A$5:$A$124,$A5,'证据索引'!$B$5:$B$124,I$4)>='参数与锚点'!$L$7)))) | AF5: =IF($A5="","",IF(J5="",0,MIN(J5,3+2*(SUMIFS('证据索引'!$I$5:$I$124,'证据索引'!$A$5:$A$124,$A5,'证据索引'!$B$5:$B$124,J$4)>='参数与锚点'!$L$7)))) | ... AJ5: =IF($A5="","",IF(N5="",0,MIN(N5,3+2*(SUMIFS('证据索引'!$I$5:$I$124,'证据索引'!$A$5:$A$124,$A5,'证据索引'!$B$5:$B$124,N$4)>='参数与锚点'!$L$7)))) | AK5: =IF($A5="","",SUMPRODUCT((C5:N5>Y5:AJ5)*1))
A6: P02 | B6: 已达成共识 | C6: 4 | D6: 3 | E6: 4 | F6: 4 | G6: 4 | H6: 3 | I6: 4 | J6: 4 | K6: 3 | L6: 4 | M6: 4 | N6: 3 | O6: =IF(A6="","",(Y6*'参数与锚点'!$D$5+Z6*'参数与锚点'!$D$6)/5) | P6: =IF(A6="","",(AA6*'参数与锚点'!$D$7+AB6*'参数与锚点'!$D$8)/5) | Q6: =IF(A6="","",(AC6*'参数与锚点'!$D$9+AD6*'参数与锚点'!$D$10)/5) | R6: =IF(A6="","",(AE6*'参数与锚点'!$D$11+AF6*'参数与锚点'!$D$12)/5) | S6: =IF(A6="","",(AG6*'参数与锚点'!$D$13+AH6*'参数与锚点'!$D$14)/5) | T6: =IF(A6="","",(AI6*'参数与锚点'!$D$15+AJ6*'参数与锚点'!$D$16)/5) | U6: =IF(A6="","",SUM(O6:T6)) | V6: =IF(A6="","",COUNT(C6:N6)/12) | W6: 船上断网与隐私需求明确，事件视觉表达强。 | X6: 疲劳真值、误报责任与公开数据授权仍需验证。 | Y6: =IF($A6="","",IF(C6="",0,MIN(C6,3+2*(SUMIFS('证据索引'!$I$5:$I$124,'证据索引'!$A$5:$A$124,$A6,'证据索引'!$B$5:$B$124,C$4)>='参数与锚点'!$L$7)))) | Z6: =IF($A6="","",IF(D6="",0,MIN(D6,3+2*(SUMIFS('证据索引'!$I$5:$I$124,'证据索引'!$A$5:$A$124,$A6,'证据索引'!$B$5:$B$124,D$4)>='参数与锚点'!$L$7)))) | AA6: =IF($A6="","",IF(E6="",0,MIN(E6,3+2*(SUMIFS('证据索引'!$I$5:$I$124,'证据索引'!$A$5:$A$124,$A6,'证据索引'!$B$5:$B$124,E$4)>='参数与锚点'!$L$7)))) | AB6: =IF($A6="","",IF(F6="",0,MIN(F6,3+2*(SUMIFS('证据索引'!$I$5:$I$124,'证据索引'!$A$5:$A$124,$A6,'证据索引'!$B$5:$B$124,F$4)>='参数与锚点'!$L$7)))) | AC6: =IF($A6="","",IF(G6="",0,MIN(G6,3+2*(SUMIFS('证据索引'!$I$5:$I$124,'证据索引'!$A$5:$A$124,$A6,'证据索引'!$B$5:$B$124,G$4)>='参数与锚点'!$L$7)))) | AD6: =IF($A6="","",IF(H6="",0,MIN(H6,3+2*(SUMIFS('证据索引'!$I$5:$I$124,'证据索引'!$A$5:$A$124,$A6,'证据索引'!$B$5:$B$124,H$4)>='参数与锚点'!$L$7)))) | AE6: =IF($A6="","",IF(I6="",0,MIN(I6,3+2*(SUMIFS('证据索引'!$I$5:$I$124,'证据索引'!$A$5:$A$124,$A6,'证据索引'!$B$5:$B$124,I$4)>='参数与锚点'!$L$7)))) | AF6: =IF($A6="","",IF(J6="",0,MIN(J6,3+2*(SUMIFS('证据索引'!$I$5:$I$124,'证据索引'!$A$5:$A$124,$A6,'证据索引'!$B$5:$B$124,J$4)>='参数与锚点'!$L$7)))) | ... AJ6: =IF($A6="","",IF(N6="",0,MIN(N6,3+2*(SUMIFS('证据索引'!$I$5:$I$124,'证据索引'!$A$5:$A$124,$A6,'证据索引'!$B$5:$B$124,N$4)>='参数与锚点'!$L$7)))) | AK6: =IF($A6="","",SUMPRODUCT((C6:N6>Y6:AJ6)*1))
A7: P03 | B7: 已达成共识 | C7: 3 | D7: 4 | E7: 4 | F7: 3 | G7: 4 | H7: 3 | I7: 4 | J7: 4 | K7: 4 | L7: 4 | M7: 4 | N7: 4 | O7: =IF(A7="","",(Y7*'参数与锚点'!$D$5+Z7*'参数与锚点'!$D$6)/5) | P7: =IF(A7="","",(AA7*'参数与锚点'!$D$7+AB7*'参数与锚点'!$D$8)/5) | Q7: =IF(A7="","",(AC7*'参数与锚点'!$D$9+AD7*'参数与锚点'!$D$10)/5) | R7: =IF(A7="","",(AE7*'参数与锚点'!$D$11+AF7*'参数与锚点'!$D$12)/5) | S7: =IF(A7="","",(AG7*'参数与锚点'!$D$13+AH7*'参数与锚点'!$D$14)/5) | T7: =IF(A7="","",(AI7*'参数与锚点'!$D$15+AJ7*'参数与锚点'!$D$16)/5) | U7: =IF(A7="","",SUM(O7:T7)) | V7: =IF(A7="","",COUNT(C7:N7)/12) | W7: 可形成透明证据链，采购方与调查流程较清楚。 | X7: 事故数据许可、多源时间对齐和即时演示感存在风险。 | Y7: =IF($A7="","",IF(C7="",0,MIN(C7,3+2*(SUMIFS('证据索引'!$I$5:$I$124,'证据索引'!$A$5:$A$124,$A7,'证据索引'!$B$5:$B$124,C$4)>='参数与锚点'!$L$7)))) | Z7: =IF($A7="","",IF(D7="",0,MIN(D7,3+2*(SUMIFS('证据索引'!$I$5:$I$124,'证据索引'!$A$5:$A$124,$A7,'证据索引'!$B$5:$B$124,D$4)>='参数与锚点'!$L$7)))) | AA7: =IF($A7="","",IF(E7="",0,MIN(E7,3+2*(SUMIFS('证据索引'!$I$5:$I$124,'证据索引'!$A$5:$A$124,$A7,'证据索引'!$B$5:$B$124,E$4)>='参数与锚点'!$L$7)))) | AB7: =IF($A7="","",IF(F7="",0,MIN(F7,3+2*(SUMIFS('证据索引'!$I$5:$I$124,'证据索引'!$A$5:$A$124,$A7,'证据索引'!$B$5:$B$124,F$4)>='参数与锚点'!$L$7)))) | AC7: =IF($A7="","",IF(G7="",0,MIN(G7,3+2*(SUMIFS('证据索引'!$I$5:$I$124,'证据索引'!$A$5:$A$124,$A7,'证据索引'!$B$5:$B$124,G$4)>='参数与锚点'!$L$7)))) | AD7: =IF($A7="","",IF(H7="",0,MIN(H7,3+2*(SUMIFS('证据索引'!$I$5:$I$124,'证据索引'!$A$5:$A$124,$A7,'证据索引'!$B$5:$B$124,H$4)>='参数与锚点'!$L$7)))) | AE7: =IF($A7="","",IF(I7="",0,MIN(I7,3+2*(SUMIFS('证据索引'!$I$5:$I$124,'证据索引'!$A$5:$A$124,$A7,'证据索引'!$B$5:$B$124,I$4)>='参数与锚点'!$L$7)))) | AF7: =IF($A7="","",IF(J7="",0,MIN(J7,3+2*(SUMIFS('证据索引'!$I$5:$I$124,'证据索引'!$A$5:$A$124,$A7,'证据索引'!$B$5:$B$124,J$4)>='参数与锚点'!$L$7)))) | ... AJ7: =IF($A7="","",IF(N7="",0,MIN(N7,3+2*(SUMIFS('证据索引'!$I$5:$I$124,'证据索引'!$A$5:$A$124,$A7,'证据索引'!$B$5:$B$124,N$4)>='参数与锚点'!$L$7)))) | AK7: =IF($A7="","",SUMPRODUCT((C7:N7>Y7:AJ7)*1))
A8: P04 | B8: 未评 | O8: =IF(A8="","",(Y8*'参数与锚点'!$D$5+Z8*'参数与锚点'!$D$6)/5) | P8: =IF(A8="","",(AA8*'参数与锚点'!$D$7+AB8*'参数与锚点'!$D$8)/5) | Q8: =IF(A8="","",(AC8*'参数与锚点'!$D$9+AD8*'参数与锚点'!$D$10)/5) | R8: =IF(A8="","",(AE8*'参数与锚点'!$D$11+AF8*'参数与锚点'!$D$12)/5) | S8: =IF(A8="","",(AG8*'参数与锚点'!$D$13+AH8*'参数与锚点'!$D$14)/5) | T8: =IF(A8="","",(AI8*'参数与锚点'!$D$15+AJ8*'参数与锚点'!$D$16)/5) | U8: =IF(A8="","",SUM(O8:T8)) | V8: =IF(A8="","",COUNT(C8:N8)/12) | Y8: =IF($A8="","",IF(C8="",0,MIN(C8,3+2*(SUMIFS('证据索引'!$I$5:$I$124,'证据索引'!$A$5:$A$124,$A8,'证据索引'!$B$5:$B$124,C$4)>='参数与锚点'!$L$7)))) | Z8: =IF($A8="","",IF(D8="",0,MIN(D8,3+2*(SUMIFS('证据索引'!$I$5:$I$124,'证据索引'!$A$5:$A$124,$A8,'证据索引'!$B$5:$B$124,D$4)>='参数与锚点'!$L$7)))) | AA8: =IF($A8="","",IF(E8="",0,MIN(E8,3+2*(SUMIFS('证据索引'!$I$5:$I$124,'证据索引'!$A$5:$A$124,$A8,'证据索引'!$B$5:$B$124,E$4)>='参数与锚点'!$L$7)))) | AB8: =IF($A8="","",IF(F8="",0,MIN(F8,3+2*(SUMIFS('证据索引'!$I$5:$I$124,'证据索引'!$A$5:$A$124,$A8,'证据索引'!$B$5:$B$124,F$4)>='参数与锚点'!$L$7)))) | AC8: =IF($A8="","",IF(G8="",0,MIN(G8,3+2*(SUMIFS('证据索引'!$I$5:$I$124,'证据索引'!$A$5:$A$124,$A8,'证据索引'!$B$5:$B$124,G$4)>='参数与锚点'!$L$7)))) | AD8: =IF($A8="","",IF(H8="",0,MIN(H8,3+2*(SUMIFS('证据索引'!$I$5:$I$124,'证据索引'!$A$5:$A$124,$A8,'证据索引'!$B$5:$B$124,H$4)>='参数与锚点'!$L$7)))) | AE8: =IF($A8="","",IF(I8="",0,MIN(I8,3+2*(SUMIFS('证据索引'!$I$5:$I$124,'证据索引'!$A$5:$A$124,$A8,'证据索引'!$B$5:$B$124,I$4)>='参数与锚点'!$L$7)))) | AF8: =IF($A8="","",IF(J8="",0,MIN(J8,3+2*(SUMIFS('证据索引'!$I$5:$I$124,'证据索引'!$A$5:$A$124,$A8,'证据索引'!$B$5:$B$124,J$4)>='参数与锚点'!$L$7)))) | ... AJ8: =IF($A8="","",IF(N8="",0,MIN(N8,3+2*(SUMIFS('证据索引'!$I$5:$I$124,'证据索引'!$A$5:$A$124,$A8,'证据索引'!$B$5:$B$124,N$4)>='参数与锚点'!$L$7)))) | AK8: =IF($A8="","",SUMPRODUCT((C8:N8>Y8:AJ8)*1))
A9: P05 | B9: 未评 | O9: =IF(A9="","",(Y9*'参数与锚点'!$D$5+Z9*'参数与锚点'!$D$6)/5) | P9: =IF(A9="","",(AA9*'参数与锚点'!$D$7+AB9*'参数与锚点'!$D$8)/5) | Q9: =IF(A9="","",(AC9*'参数与锚点'!$D$9+AD9*'参数与锚点'!$D$10)/5) | R9: =IF(A9="","",(AE9*'参数与锚点'!$D$11+AF9*'参数与锚点'!$D$12)/5) | S9: =IF(A9="","",(AG9*'参数与锚点'!$D$13+AH9*'参数与锚点'!$D$14)/5) | T9: =IF(A9="","",(AI9*'参数与锚点'!$D$15+AJ9*'参数与锚点'!$D$16)/5) | U9: =IF(A9="","",SUM(O9:T9)) | V9: =IF(A9="","",COUNT(C9:N9)/12) | Y9: =IF($A9="","",IF(C9="",0,MIN(C9,3+2*(SUMIFS('证据索引'!$I$5:$I$124,'证据索引'!$A$5:$A$124,$A9,'证据索引'!$B$5:$B$124,C$4)>='参数与锚点'!$L$7)))) | Z9: =IF($A9="","",IF(D9="",0,MIN(D9,3+2*(SUMIFS('证据索引'!$I$5:$I$124,'证据索引'!$A$5:$A$124,$A9,'证据索引'!$B$5:$B$124,D$4)>='参数与锚点'!$L$7)))) | AA9: =IF($A9="","",IF(E9="",0,MIN(E9,3+2*(SUMIFS('证据索引'!$I$5:$I$124,'证据索引'!$A$5:$A$124,$A9,'证据索引'!$B$5:$B$124,E$4)>='参数与锚点'!$L$7)))) | AB9: =IF($A9="","",IF(F9="",0,MIN(F9,3+2*(SUMIFS('证据索引'!$I$5:$I$124,'证据索引'!$A$5:$A$124,$A9,'证据索引'!$B$5:$B$124,F$4)>='参数与锚点'!$L$7)))) | AC9: =IF($A9="","",IF(G9="",0,MIN(G9,3+2*(SUMIFS('证据索引'!$I$5:$I$124,'证据索引'!$A$5:$A$124,$A9,'证据索引'!$B$5:$B$124,G$4)>='参数与锚点'!$L$7)))) | AD9: =IF($A9="","",IF(H9="",0,MIN(H9,3+2*(SUMIFS('证据索引'!$I$5:$I$124,'证据索引'!$A$5:$A$124,$A9,'证据索引'!$B$5:$B$124,H$4)>='参数与锚点'!$L$7)))) | AE9: =IF($A9="","",IF(I9="",0,MIN(I9,3+2*(SUMIFS('证据索引'!$I$5:$I$124,'证据索引'!$A$5:$A$124,$A9,'证据索引'!$B$5:$B$124,I$4)>='参数与锚点'!$L$7)))) | AF9: =IF($A9="","",IF(J9="",0,MIN(J9,3+2*(SUMIFS('证据索引'!$I$5:$I$124,'证据索引'!$A$5:$A$124,$A9,'证据索引'!$B$5:$B$124,J$4)>='参数与锚点'!$L$7)))) | ... AJ9: =IF($A9="","",IF(N9="",0,MIN(N9,3+2*(SUMIFS('证据索引'!$I$5:$I$124,'证据索引'!$A$5:$A$124,$A9,'证据索引'!$B$5:$B$124,N$4)>='参数与锚点'!$L$7)))) | AK9: =IF($A9="","",SUMPRODUCT((C9:N9>Y9:AJ9)*1))
A10: P06 | B10: 未评 | O10: =IF(A10="","",(Y10*'参数与锚点'!$D$5+Z10*'参数与锚点'!$D$6)/5) | P10: =IF(A10="","",(AA10*'参数与锚点'!$D$7+AB10*'参数与锚点'!$D$8)/5) | Q10: =IF(A10="","",(AC10*'参数与锚点'!$D$9+AD10*'参数与锚点'!$D$10)/5) | R10: =IF(A10="","",(AE10*'参数与锚点'!$D$11+AF10*'参数与锚点'!$D$12)/5) | S10: =IF(A10="","",(AG10*'参数与锚点'!$D$13+AH10*'参数与锚点'!$D$14)/5) | T10: =IF(A10="","",(AI10*'参数与锚点'!$D$15+AJ10*'参数与锚点'!$D$16)/5) | U10: =IF(A10="","",SUM(O10:T10)) | V10: =IF(A10="","",COUNT(C10:N10)/12) | Y10: =IF($A10="","",IF(C10="",0,MIN(C10,3+2*(SUMIFS('证据索引'!$I$5:$I$124,'证据索引'!$A$5:$A$124,$A10,'证据索引'!$B$5:$B$124,C$4)>='参数与锚点'!$L$7)))) | Z10: =IF($A10="","",IF(D10="",0,MIN(D10,3+2*(SUMIFS('证据索引'!$I$5:$I$124,'证据索引'!$A$5:$A$124,$A10,'证据索引'!$B$5:$B$124,D$4)>='参数与锚点'!$L$7)))) | AA10: =IF($A10="","",IF(E10="",0,MIN(E10,3+2*(SUMIFS('证据索引'!$I$5:$I$124,'证据索引'!$A$5:$A$124,$A10,'证据索引'!$B$5:$B$124,E$4)>='参数与锚点'!$L$7)))) | AB10: =IF($A10="","",IF(F10="",0,MIN(F10,3+2*(SUMIFS('证据索引'!$I$5:$I$124,'证据索引'!$A$5:$A$124,$A10,'证据索引'!$B$5:$B$124,F$4)>='参数与锚点'!$L$7)))) | AC10: =IF($A10="","",IF(G10="",0,MIN(G10,3+2*(SUMIFS('证据索引'!$I$5:$I$124,'证据索引'!$A$5:$A$124,$A10,'证据索引'!$B$5:$B$124,G$4)>='参数与锚点'!$L$7)))) | AD10: =IF($A10="","",IF(H10="",0,MIN(H10,3+2*(SUMIFS('证据索引'!$I$5:$I$124,'证据索引'!$A$5:$A$124,$A10,'证据索引'!$B$5:$B$124,H$4)>='参数与锚点'!$L$7)))) | AE10: =IF($A10="","",IF(I10="",0,MIN(I10,3+2*(SUMIFS('证据索引'!$I$5:$I$124,'证据索引'!$A$5:$A$124,$A10,'证据索引'!$B$5:$B$124,I$4)>='参数与锚点'!$L$7)))) | AF10: =IF($A10="","",IF(J10="",0,MIN(J10,3+2*(SUMIFS('证据索引'!$I$5:$I$124,'证据索引'!$A$5:$A$124,$A10,'证据索引'!$B$5:$B$124,J$4)>='参数与锚点'!$L$7)))) | ... AJ10: =IF($A10="","",IF(N10="",0,MIN(N10,3+2*(SUMIFS('证据索引'!$I$5:$I$124,'证据索引'!$A$5:$A$124,$A10,'证据索引'!$B$5:$B$124,N$4)>='参数与锚点'!$L$7)))) | AK10: =IF($A10="","",SUMPRODUCT((C10:N10>Y10:AJ10)*1))
A11: P07 | B11: 未评 | O11: =IF(A11="","",(Y11*'参数与锚点'!$D$5+Z11*'参数与锚点'!$D$6)/5) | P11: =IF(A11="","",(AA11*'参数与锚点'!$D$7+AB11*'参数与锚点'!$D$8)/5) | Q11: =IF(A11="","",(AC11*'参数与锚点'!$D$9+AD11*'参数与锚点'!$D$10)/5) | R11: =IF(A11="","",(AE11*'参数与锚点'!$D$11+AF11*'参数与锚点'!$D$12)/5) | S11: =IF(A11="","",(AG11*'参数与锚点'!$D$13+AH11*'参数与锚点'!$D$14)/5) | T11: =IF(A11="","",(AI11*'参数与锚点'!$D$15+AJ11*'参数与锚点'!$D$16)/5) | U11: =IF(A11="","",SUM(O11:T11)) | V11: =IF(A11="","",COUNT(C11:N11)/12) | Y11: =IF($A11="","",IF(C11="",0,MIN(C11,3+2*(SUMIFS('证据索引'!$I$5:$I$124,'证据索引'!$A$5:$A$124,$A11,'证据索引'!$B$5:$B$124,C$4)>='参数与锚点'!$L$7)))) | Z11: =IF($A11="","",IF(D11="",0,MIN(D11,3+2*(SUMIFS('证据索引'!$I$5:$I$124,'证据索引'!$A$5:$A$124,$A11,'证据索引'!$B$5:$B$124,D$4)>='参数与锚点'!$L$7)))) | AA11: =IF($A11="","",IF(E11="",0,MIN(E11,3+2*(SUMIFS('证据索引'!$I$5:$I$124,'证据索引'!$A$5:$A$124,$A11,'证据索引'!$B$5:$B$124,E$4)>='参数与锚点'!$L$7)))) | AB11: =IF($A11="","",IF(F11="",0,MIN(F11,3+2*(SUMIFS('证据索引'!$I$5:$I$124,'证据索引'!$A$5:$A$124,$A11,'证据索引'!$B$5:$B$124,F$4)>='参数与锚点'!$L$7)))) | AC11: =IF($A11="","",IF(G11="",0,MIN(G11,3+2*(SUMIFS('证据索引'!$I$5:$I$124,'证据索引'!$A$5:$A$124,$A11,'证据索引'!$B$5:$B$124,G$4)>='参数与锚点'!$L$7)))) | AD11: =IF($A11="","",IF(H11="",0,MIN(H11,3+2*(SUMIFS('证据索引'!$I$5:$I$124,'证据索引'!$A$5:$A$124,$A11,'证据索引'!$B$5:$B$124,H$4)>='参数与锚点'!$L$7)))) | AE11: =IF($A11="","",IF(I11="",0,MIN(I11,3+2*(SUMIFS('证据索引'!$I$5:$I$124,'证据索引'!$A$5:$A$124,$A11,'证据索引'!$B$5:$B$124,I$4)>='参数与锚点'!$L$7)))) | AF11: =IF($A11="","",IF(J11="",0,MIN(J11,3+2*(SUMIFS('证据索引'!$I$5:$I$124,'证据索引'!$A$5:$A$124,$A11,'证据索引'!$B$5:$B$124,J$4)>='参数与锚点'!$L$7)))) | ... AJ11: =IF($A11="","",IF(N11="",0,MIN(N11,3+2*(SUMIFS('证据索引'!$I$5:$I$124,'证据索引'!$A$5:$A$124,$A11,'证据索引'!$B$5:$B$124,N$4)>='参数与锚点'!$L$7)))) | AK11: =IF($A11="","",SUMPRODUCT((C11:N11>Y11:AJ11)*1))
A12: P08 | B12: 未评 | O12: =IF(A12="","",(Y12*'参数与锚点'!$D$5+Z12*'参数与锚点'!$D$6)/5) | P12: =IF(A12="","",(AA12*'参数与锚点'!$D$7+AB12*'参数与锚点'!$D$8)/5) | Q12: =IF(A12="","",(AC12*'参数与锚点'!$D$9+AD12*'参数与锚点'!$D$10)/5) | R12: =IF(A12="","",(AE12*'参数与锚点'!$D$11+AF12*'参数与锚点'!$D$12)/5) | S12: =IF(A12="","",(AG12*'参数与锚点'!$D$13+AH12*'参数与锚点'!$D$14)/5) | T12: =IF(A12="","",(AI12*'参数与锚点'!$D$15+AJ12*'参数与锚点'!$D$16)/5) | U12: =IF(A12="","",SUM(O12:T12)) | V12: =IF(A12="","",COUNT(C12:N12)/12) | Y12: =IF($A12="","",IF(C12="",0,MIN(C12,3+2*(SUMIFS('证据索引'!$I$5:$I$124,'证据索引'!$A$5:$A$124,$A12,'证据索引'!$B$5:$B$124,C$4)>='参数与锚点'!$L$7)))) | Z12: =IF($A12="","",IF(D12="",0,MIN(D12,3+2*(SUMIFS('证据索引'!$I$5:$I$124,'证据索引'!$A$5:$A$124,$A12,'证据索引'!$B$5:$B$124,D$4)>='参数与锚点'!$L$7)))) | AA12: =IF($A12="","",IF(E12="",0,MIN(E12,3+2*(SUMIFS('证据索引'!$I$5:$I$124,'证据索引'!$A$5:$A$124,$A12,'证据索引'!$B$5:$B$124,E$4)>='参数与锚点'!$L$7)))) | AB12: =IF($A12="","",IF(F12="",0,MIN(F12,3+2*(SUMIFS('证据索引'!$I$5:$I$124,'证据索引'!$A$5:$A$124,$A12,'证据索引'!$B$5:$B$124,F$4)>='参数与锚点'!$L$7)))) | AC12: =IF($A12="","",IF(G12="",0,MIN(G12,3+2*(SUMIFS('证据索引'!$I$5:$I$124,'证据索引'!$A$5:$A$124,$A12,'证据索引'!$B$5:$B$124,G$4)>='参数与锚点'!$L$7)))) | AD12: =IF($A12="","",IF(H12="",0,MIN(H12,3+2*(SUMIFS('证据索引'!$I$5:$I$124,'证据索引'!$A$5:$A$124,$A12,'证据索引'!$B$5:$B$124,H$4)>='参数与锚点'!$L$7)))) | AE12: =IF($A12="","",IF(I12="",0,MIN(I12,3+2*(SUMIFS('证据索引'!$I$5:$I$124,'证据索引'!$A$5:$A$124,$A12,'证据索引'!$B$5:$B$124,I$4)>='参数与锚点'!$L$7)))) | AF12: =IF($A12="","",IF(J12="",0,MIN(J12,3+2*(SUMIFS('证据索引'!$I$5:$I$124,'证据索引'!$A$5:$A$124,$A12,'证据索引'!$B$5:$B$124,J$4)>='参数与锚点'!$L$7)))) | ... AJ12: =IF($A12="","",IF(N12="",0,MIN(N12,3+2*(SUMIFS('证据索引'!$I$5:$I$124,'证据索引'!$A$5:$A$124,$A12,'证据索引'!$B$5:$B$124,N$4)>='参数与锚点'!$L$7)))) | AK12: =IF($A12="","",SUMPRODUCT((C12:N12>Y12:AJ12)*1))
A13: P09 | B13: 未评 | O13: =IF(A13="","",(Y13*'参数与锚点'!$D$5+Z13*'参数与锚点'!$D$6)/5) | P13: =IF(A13="","",(AA13*'参数与锚点'!$D$7+AB13*'参数与锚点'!$D$8)/5) | Q13: =IF(A13="","",(AC13*'参数与锚点'!$D$9+AD13*'参数与锚点'!$D$10)/5) | R13: =IF(A13="","",(AE13*'参数与锚点'!$D$11+AF13*'参数与锚点'!$D$12)/5) | S13: =IF(A13="","",(AG13*'参数与锚点'!$D$13+AH13*'参数与锚点'!$D$14)/5) | T13: =IF(A13="","",(AI13*'参数与锚点'!$D$15+AJ13*'参数与锚点'!$D$16)/5) | U13: =IF(A13="","",SUM(O13:T13)) | V13: =IF(A13="","",COUNT(C13:N13)/12) | Y13: =IF($A13="","",IF(C13="",0,MIN(C13,3+2*(SUMIFS('证据索引'!$I$5:$I$124,'证据索引'!$A$5:$A$124,$A13,'证据索引'!$B$5:$B$124,C$4)>='参数与锚点'!$L$7)))) | Z13: =IF($A13="","",IF(D13="",0,MIN(D13,3+2*(SUMIFS('证据索引'!$I$5:$I$124,'证据索引'!$A$5:$A$124,$A13,'证据索引'!$B$5:$B$124,D$4)>='参数与锚点'!$L$7)))) | AA13: =IF($A13="","",IF(E13="",0,MIN(E13,3+2*(SUMIFS('证据索引'!$I$5:$I$124,'证据索引'!$A$5:$A$124,$A13,'证据索引'!$B$5:$B$124,E$4)>='参数与锚点'!$L$7)))) | AB13: =IF($A13="","",IF(F13="",0,MIN(F13,3+2*(SUMIFS('证据索引'!$I$5:$I$124,'证据索引'!$A$5:$A$124,$A13,'证据索引'!$B$5:$B$124,F$4)>='参数与锚点'!$L$7)))) | AC13: =IF($A13="","",IF(G13="",0,MIN(G13,3+2*(SUMIFS('证据索引'!$I$5:$I$124,'证据索引'!$A$5:$A$124,$A13,'证据索引'!$B$5:$B$124,G$4)>='参数与锚点'!$L$7)))) | AD13: =IF($A13="","",IF(H13="",0,MIN(H13,3+2*(SUMIFS('证据索引'!$I$5:$I$124,'证据索引'!$A$5:$A$124,$A13,'证据索引'!$B$5:$B$124,H$4)>='参数与锚点'!$L$7)))) | AE13: =IF($A13="","",IF(I13="",0,MIN(I13,3+2*(SUMIFS('证据索引'!$I$5:$I$124,'证据索引'!$A$5:$A$124,$A13,'证据索引'!$B$5:$B$124,I$4)>='参数与锚点'!$L$7)))) | AF13: =IF($A13="","",IF(J13="",0,MIN(J13,3+2*(SUMIFS('证据索引'!$I$5:$I$124,'证据索引'!$A$5:$A$124,$A13,'证据索引'!$B$5:$B$124,J$4)>='参数与锚点'!$L$7)))) | ... AJ13: =IF($A13="","",IF(N13="",0,MIN(N13,3+2*(SUMIFS('证据索引'!$I$5:$I$124,'证据索引'!$A$5:$A$124,$A13,'证据索引'!$B$5:$B$124,N$4)>='参数与锚点'!$L$7)))) | AK13: =IF($A13="","",SUMPRODUCT((C13:N13>Y13:AJ13)*1))
A14: P10 | B14: 未评 | O14: =IF(A14="","",(Y14*'参数与锚点'!$D$5+Z14*'参数与锚点'!$D$6)/5) | P14: =IF(A14="","",(AA14*'参数与锚点'!$D$7+AB14*'参数与锚点'!$D$8)/5) | Q14: =IF(A14="","",(AC14*'参数与锚点'!$D$9+AD14*'参数与锚点'!$D$10)/5) | R14: =IF(A14="","",(AE14*'参数与锚点'!$D$11+AF14*'参数与锚点'!$D$12)/5) | S14: =IF(A14="","",(AG14*'参数与锚点'!$D$13+AH14*'参数与锚点'!$D$14)/5) | T14: =IF(A14="","",(AI14*'参数与锚点'!$D$15+AJ14*'参数与锚点'!$D$16)/5) | U14: =IF(A14="","",SUM(O14:T14)) | V14: =IF(A14="","",COUNT(C14:N14)/12) | Y14: =IF($A14="","",IF(C14="",0,MIN(C14,3+2*(SUMIFS('证据索引'!$I$5:$I$124,'证据索引'!$A$5:$A$124,$A14,'证据索引'!$B$5:$B$124,C$4)>='参数与锚点'!$L$7)))) | Z14: =IF($A14="","",IF(D14="",0,MIN(D14,3+2*(SUMIFS('证据索引'!$I$5:$I$124,'证据索引'!$A$5:$A$124,$A14,'证据索引'!$B$5:$B$124,D$4)>='参数与锚点'!$L$7)))) | AA14: =IF($A14="","",IF(E14="",0,MIN(E14,3+2*(SUMIFS('证据索引'!$I$5:$I$124,'证据索引'!$A$5:$A$124,$A14,'证据索引'!$B$5:$B$124,E$4)>='参数与锚点'!$L$7)))) | AB14: =IF($A14="","",IF(F14="",0,MIN(F14,3+2*(SUMIFS('证据索引'!$I$5:$I$124,'证据索引'!$A$5:$A$124,$A14,'证据索引'!$B$5:$B$124,F$4)>='参数与锚点'!$L$7)))) | AC14: =IF($A14="","",IF(G14="",0,MIN(G14,3+2*(SUMIFS('证据索引'!$I$5:$I$124,'证据索引'!$A$5:$A$124,$A14,'证据索引'!$B$5:$B$124,G$4)>='参数与锚点'!$L$7)))) | AD14: =IF($A14="","",IF(H14="",0,MIN(H14,3+2*(SUMIFS('证据索引'!$I$5:$I$124,'证据索引'!$A$5:$A$124,$A14,'证据索引'!$B$5:$B$124,H$4)>='参数与锚点'!$L$7)))) | AE14: =IF($A14="","",IF(I14="",0,MIN(I14,3+2*(SUMIFS('证据索引'!$I$5:$I$124,'证据索引'!$A$5:$A$124,$A14,'证据索引'!$B$5:$B$124,I$4)>='参数与锚点'!$L$7)))) | AF14: =IF($A14="","",IF(J14="",0,MIN(J14,3+2*(SUMIFS('证据索引'!$I$5:$I$124,'证据索引'!$A$5:$A$124,$A14,'证据索引'!$B$5:$B$124,J$4)>='参数与锚点'!$L$7)))) | ... AJ14: =IF($A14="","",IF(N14="",0,MIN(N14,3+2*(SUMIFS('证据索引'!$I$5:$I$124,'证据索引'!$A$5:$A$124,$A14,'证据索引'!$B$5:$B$124,N$4)>='参数与锚点'!$L$7)))) | AK14: =IF($A14="","",SUMPRODUCT((C14:N14>Y14:AJ14)*1))

Sheet 证据索引
A1: 证据索引
A2: 每个项目 × 每个评分项一行。证据状态会转换为0%/25%/60%/100%，项目证据强度取12项平均；高分不能替代证据。
A4: 项目ID | B4: 评分项ID | C4: 评分项 | D4: 证据状态 | E4: 证据摘要 | F4: 来源URL/路径 | G4: 负责人 | H4: 复验日期 | I4: 证据系数
A5: P01 | B5: C1 | C5: 痛点强度与用户清晰度 | D5: 有来源 | E5: 演示占位：正式评审时替换为可核验事实 | F5: 请替换为真实URL或仓库路径 | G5: 待分配 | I5: =IFERROR(VLOOKUP(D5,'参数与锚点'!$K$5:$L$8,2,FALSE),0)
A6: P01 | B6: C2 | C6: 付费方、价值与扩展路径 | D6: 假设 | E6: 演示占位：正式评审时替换为可核验事实 | F6: 请替换为真实URL或仓库路径 | G6: 待分配 | I6: =IFERROR(VLOOKUP(D6,'参数与锚点'!$K$5:$L$8,2,FALSE),0)
A7: P01 | B7: C3 | C7: 场景具体性与深度优先 | D7: 有来源 | E7: 演示占位：正式评审时替换为可核验事实 | F7: 请替换为真实URL或仓库路径 | G7: 待分配 | I7: =IFERROR(VLOOKUP(D7,'参数与锚点'!$K$5:$L$8,2,FALSE),0)
A8: P01 | B8: C4 | C8: 行动性与实际结果 | D8: 假设 | E8: 演示占位：正式评审时替换为可核验事实 | F8: 请替换为真实URL或仓库路径 | G8: 待分配 | I8: =IFERROR(VLOOKUP(D8,'参数与锚点'!$K$5:$L$8,2,FALSE),0)
A9: P01 | B9: C5 | C9: Spark不可替代性 | D9: 有来源 | E9: 演示占位：正式评审时替换为可核验事实 | F9: 请替换为真实URL或仓库路径 | G9: 待分配 | I9: =IFERROR(VLOOKUP(D9,'参数与锚点'!$K$5:$L$8,2,FALSE),0)
A10: P01 | B10: C6 | C10: 能力互补与时间状态价值 | D10: 假设 | E10: 演示占位：正式评审时替换为可核验事实 | F10: 请替换为真实URL或仓库路径 | G10: 待分配 | I10: =IFERROR(VLOOKUP(D10,'参数与锚点'!$K$5:$L$8,2,FALSE),0)
A11: P01 | B11: C7 | C11: 核心价值闭环≤90秒 | D11: 有来源 | E11: 演示占位：正式评审时替换为可核验事实 | F11: 请替换为真实URL或仓库路径 | G11: 待分配 | I11: =IFERROR(VLOOKUP(D11,'参数与锚点'!$K$5:$L$8,2,FALSE),0)
A12: P01 | B12: C8 | C12: 可视化、直观性与wow | D12: 有来源 | E12: 演示占位：正式评审时替换为可核验事实 | F12: 请替换为真实URL或仓库路径 | G12: 待分配 | I12: =IFERROR(VLOOKUP(D12,'参数与锚点'!$K$5:$L$8,2,FALSE),0)
A13: P01 | B13: C9 | C13: 数据可信、合法与可获得 | D13: 有来源 | E13: 演示占位：正式评审时替换为可核验事实 | F13: 请替换为真实URL或仓库路径 | G13: 待分配 | I13: =IFERROR(VLOOKUP(D13,'参数与锚点'!$K$5:$L$8,2,FALSE),0)
A14: P01 | B14: C10 | C14: 异常定义、指标与透明审计 | D14: 假设 | E14: 演示占位：正式评审时替换为可核验事实 | F14: 请替换为真实URL或仓库路径 | G14: 待分配 | I14: =IFERROR(VLOOKUP(D14,'参数与锚点'!$K$5:$L$8,2,FALSE),0)
A15: P01 | B15: C11 | C15: 前72h最小端到端链路 | D15: 有来源 | E15: 演示占位：正式评审时替换为可核验事实 | F15: 请替换为真实URL或仓库路径 | G15: 待分配 | I15: =IFERROR(VLOOKUP(D15,'参数与锚点'!$K$5:$L$8,2,FALSE),0)
A16: P01 | B16: C12 | C16: 技术风险、资源预算与降级 | D16: 假设 | E16: 演示占位：正式评审时替换为可核验事实 | F16: 请替换为真实URL或仓库路径 | G16: 待分配 | I16: =IFERROR(VLOOKUP(D16,'参数与锚点'!$K$5:$L$8,2,FALSE),0)
... A40: P03 | B40: C12 | C40: 技术风险、资源预算与降级 | D40: 假设 | E40: 演示占位：正式评审时替换为可核验事实 | F40: 请替换为真实URL或仓库路径 | G40: 待分配 | I40: =IFERROR(VLOOKUP(D40,'参数与锚点'!$K$5:$L$8,2,FALSE),0)
A41: P04 | B41: C1 | C41: 痛点强度与用户清晰度 | D41: 未提供 | I41: =IFERROR(VLOOKUP(D41,'参数与锚点'!$K$5:$L$8,2,FALSE),0)
A42: P04 | B42: C2 | C42: 付费方、价值与扩展路径 | D42: 未提供 | I42: =IFERROR(VLOOKUP(D42,'参数与锚点'!$K$5:$L$8,2,FALSE),0)
A43: P04 | B43: C3 | C43: 场景具体性与深度优先 | D43: 未提供 | I43: =IFERROR(VLOOKUP(D43,'参数与锚点'!$K$5:$L$8,2,FALSE),0)
A44: P04 | B44: C4 | C44: 行动性与实际结果 | D44: 未提供 | I44: =IFERROR(VLOOKUP(D44,'参数与锚点'!$K$5:$L$8,2,FALSE),0)
A45: P04 | B45: C5 | C45: Spark不可替代性 | D45: 未提供 | I45: =IFERROR(VLOOKUP(D45,'参数与锚点'!$K$5:$L$8,2,FALSE),0)
A46: P04 | B46: C6 | C46: 能力互补与时间状态价值 | D46: 未提供 | I46: =IFERROR(VLOOKUP(D46,'参数与锚点'!$K$5:$L$8,2,FALSE),0)
A47: P04 | B47: C7 | C47: 核心价值闭环≤90秒 | D47: 未提供 | I47: =IFERROR(VLOOKUP(D47,'参数与锚点'!$K$5:$L$8,2,FALSE),0)
A48: P04 | B48: C8 | C48: 可视化、直观性与wow | D48: 未提供 | I48: =IFERROR(VLOOKUP(D48,'参数与锚点'!$K$5:$L$8,2,FALSE),0)
A49: P04 | B49: C9 | C49: 数据可信、合法与可获得 | D49: 未提供 | I49: =IFERROR(VLOOKUP(D49,'参数与锚点'!$K$5:$L$8,2,FALSE),0)
A50: P04 | B50: C10 | C50: 异常定义、指标与透明审计 | D50: 未提供 | I50: =IFERROR(VLOOKUP(D50,'参数与锚点'!$K$5:$L$8,2,FALSE),0)
A51: P04 | B51: C11 | C51: 前72h最小端到端链路 | D51: 未提供 | I51: =IFERROR(VLOOKUP(D51,'参数与锚点'!$K$5:$L$8,2,FALSE),0)
A52: P04 | B52: C12 | C52: 技术风险、资源预算与降级 | D52: 未提供 | I52: =IFERROR(VLOOKUP(D52,'参数与锚点'!$K$5:$L$8,2,FALSE),0)
... A124: P10 | B124: C12 | C124: 技术风险、资源预算与降级 | D124: 未提供 | I124: =IFERROR(VLOOKUP(D124,'参数与锚点'!$K$5:$L$8,2,FALSE),0)

Sheet 决策面板
A1: 选题决策面板
A2: 看四件事：硬门槛是否通过、会议共识总分、证据强度、12项评分是否完整。演示数据仅用于说明工作方式。
A4: =COUNT('项目清单'!$AB$5:$AB$14) | E4: =COUNTIF('项目清单'!$Q$5:$Q$14,"通过") | I4: =COUNTIF('项目清单'!$AC$5:$AC$14,"优先") | M4: =MAX('项目清单'!$X$5:$X$14)
A5: 候选项目 | E5: 硬门槛全通过 | I5: 当前优先 | M5: 最高总分
A7: 排名 | B7: 项目 | C7: 总分 | D7: 证据 | E7: 门槛 | F7: 评分完整度 | G7: 建议 | H7: 下一步
A8: 1 | B8: =IFERROR(INDEX('项目清单'!$B$5:$B$14,MATCH(A8,'项目清单'!$AB$5:$AB$14,0)),"") | C8: =IF(B8="","",INDEX('项目清单'!$X$5:$X$14,MATCH(A8,'项目清单'!$AB$5:$AB$14,0))) | D8: =IF(B8="","",INDEX('项目清单'!$Y$5:$Y$14,MATCH(A8,'项目清单'!$AB$5:$AB$14,0))) | E8: =IF(B8="","",INDEX('项目清单'!$Q$5:$Q$14,MATCH(A8,'项目清单'!$AB$5:$AB$14,0))) | F8: =IF(B8="","",INDEX('项目清单'!$Z$5:$Z$14,MATCH(A8,'项目清单'!$AB$5:$AB$14,0))) | G8: =IF(B8="","",INDEX('项目清单'!$AC$5:$AC$14,MATCH(A8,'项目清单'!$AB$5:$AB$14,0))) | H8: =IF(B8="","",INDEX('项目清单'!$AD$5:$AD$14,MATCH(A8,'项目清单'!$AB$5:$AB$14,0)))
A9: 2 | B9: =IFERROR(INDEX('项目清单'!$B$5:$B$14,MATCH(A9,'项目清单'!$AB$5:$AB$14,0)),"") | C9: =IF(B9="","",INDEX('项目清单'!$X$5:$X$14,MATCH(A9,'项目清单'!$AB$5:$AB$14,0))) | D9: =IF(B9="","",INDEX('项目清单'!$Y$5:$Y$14,MATCH(A9,'项目清单'!$AB$5:$AB$14,0))) | E9: =IF(B9="","",INDEX('项目清单'!$Q$5:$Q$14,MATCH(A9,'项目清单'!$AB$5:$AB$14,0))) | F9: =IF(B9="","",INDEX('项目清单'!$Z$5:$Z$14,MATCH(A9,'项目清单'!$AB$5:$AB$14,0))) | G9: =IF(B9="","",INDEX('项目清单'!$AC$5:$AC$14,MATCH(A9,'项目清单'!$AB$5:$AB$14,0))) | H9: =IF(B9="","",INDEX('项目清单'!$AD$5:$AD$14,MATCH(A9,'项目清单'!$AB$5:$AB$14,0)))
A10: 3 | B10: =IFERROR(INDEX('项目清单'!$B$5:$B$14,MATCH(A10,'项目清单'!$AB$5:$AB$14,0)),"") | C10: =IF(B10="","",INDEX('项目清单'!$X$5:$X$14,MATCH(A10,'项目清单'!$AB$5:$AB$14,0))) | D10: =IF(B10="","",INDEX('项目清单'!$Y$5:$Y$14,MATCH(A10,'项目清单'!$AB$5:$AB$14,0))) | E10: =IF(B10="","",INDEX('项目清单'!$Q$5:$Q$14,MATCH(A10,'项目清单'!$AB$5:$AB$14,0))) | F10: =IF(B10="","",INDEX('项目清单'!$Z$5:$Z$14,MATCH(A10,'项目清单'!$AB$5:$AB$14,0))) | G10: =IF(B10="","",INDEX('项目清单'!$AC$5:$AC$14,MATCH(A10,'项目清单'!$AB$5:$AB$14,0))) | H10: =IF(B10="","",INDEX('项目清单'!$AD$5:$AD$14,MATCH(A10,'项目清单'!$AB$5:$AB$14,0)))
A11: 4 | B11: =IFERROR(INDEX('项目清单'!$B$5:$B$14,MATCH(A11,'项目清单'!$AB$5:$AB$14,0)),"") | C11: =IF(B11="","",INDEX('项目清单'!$X$5:$X$14,MATCH(A11,'项目清单'!$AB$5:$AB$14,0))) | D11: =IF(B11="","",INDEX('项目清单'!$Y$5:$Y$14,MATCH(A11,'项目清单'!$AB$5:$AB$14,0))) | E11: =IF(B11="","",INDEX('项目清单'!$Q$5:$Q$14,MATCH(A11,'项目清单'!$AB$5:$AB$14,0))) | F11: =IF(B11="","",INDEX('项目清单'!$Z$5:$Z$14,MATCH(A11,'项目清单'!$AB$5:$AB$14,0))) | G11: =IF(B11="","",INDEX('项目清单'!$AC$5:$AC$14,MATCH(A11,'项目清单'!$AB$5:$AB$14,0))) | H11: =IF(B11="","",INDEX('项目清单'!$AD$5:$AD$14,MATCH(A11,'项目清单'!$AB$5:$AB$14,0)))
A12: 5 | B12: =IFERROR(INDEX('项目清单'!$B$5:$B$14,MATCH(A12,'项目清单'!$AB$5:$AB$14,0)),"") | C12: =IF(B12="","",INDEX('项目清单'!$X$5:$X$14,MATCH(A12,'项目清单'!$AB$5:$AB$14,0))) | D12: =IF(B12="","",INDEX('项目清单'!$Y$5:$Y$14,MATCH(A12,'项目清单'!$AB$5:$AB$14,0))) | E12: =IF(B12="","",INDEX('项目清单'!$Q$5:$Q$14,MATCH(A12,'项目清单'!$AB$5:$AB$14,0))) | F12: =IF(B12="","",INDEX('项目清单'!$Z$5:$Z$14,MATCH(A12,'项目清单'!$AB$5:$AB$14,0))) | G12: =IF(B12="","",INDEX('项目清单'!$AC$5:$AC$14,MATCH(A12,'项目清单'!$AB$5:$AB$14,0))) | H12: =IF(B12="","",INDEX('项目清单'!$AD$5:$AD$14,MATCH(A12,'项目清单'!$AB$5:$AB$14,0)))
A13: 6 | B13: =IFERROR(INDEX('项目清单'!$B$5:$B$14,MATCH(A13,'项目清单'!$AB$5:$AB$14,0)),"") | C13: =IF(B13="","",INDEX('项目清单'!$X$5:$X$14,MATCH(A13,'项目清单'!$AB$5:$AB$14,0))) | D13: =IF(B13="","",INDEX('项目清单'!$Y$5:$Y$14,MATCH(A13,'项目清单'!$AB$5:$AB$14,0))) | E13: =IF(B13="","",INDEX('项目清单'!$Q$5:$Q$14,MATCH(A13,'项目清单'!$AB$5:$AB$14,0))) | F13: =IF(B13="","",INDEX('项目清单'!$Z$5:$Z$14,MATCH(A13,'项目清单'!$AB$5:$AB$14,0))) | G13: =IF(B13="","",INDEX('项目清单'!$AC$5:$AC$14,MATCH(A13,'项目清单'!$AB$5:$AB$14,0))) | H13: =IF(B13="","",INDEX('项目清单'!$AD$5:$AD$14,MATCH(A13,'项目清单'!$AB$5:$AB$14,0)))
A14: 7 | B14: =IFERROR(INDEX('项目清单'!$B$5:$B$14,MATCH(A14,'项目清单'!$AB$5:$AB$14,0)),"") | C14: =IF(B14="","",INDEX('项目清单'!$X$5:$X$14,MATCH(A14,'项目清单'!$AB$5:$AB$14,0))) | D14: =IF(B14="","",INDEX('项目清单'!$Y$5:$Y$14,MATCH(A14,'项目清单'!$AB$5:$AB$14,0))) | E14: =IF(B14="","",INDEX('项目清单'!$Q$5:$Q$14,MATCH(A14,'项目清单'!$AB$5:$AB$14,0))) | F14: =IF(B14="","",INDEX('项目清单'!$Z$5:$Z$14,MATCH(A14,'项目清单'!$AB$5:$AB$14,0))) | G14: =IF(B14="","",INDEX('项目清单'!$AC$5:$AC$14,MATCH(A14,'项目清单'!$AB$5:$AB$14,0))) | H14: =IF(B14="","",INDEX('项目清单'!$AD$5:$AD$14,MATCH(A14,'项目清单'!$AB$5:$AB$14,0)))
A15: 8 | B15: =IFERROR(INDEX('项目清单'!$B$5:$B$14,MATCH(A15,'项目清单'!$AB$5:$AB$14,0)),"") | C15: =IF(B15="","",INDEX('项目清单'!$X$5:$X$14,MATCH(A15,'项目清单'!$AB$5:$AB$14,0))) | D15: =IF(B15="","",INDEX('项目清单'!$Y$5:$Y$14,MATCH(A15,'项目清单'!$AB$5:$AB$14,0))) | E15: =IF(B15="","",INDEX('项目清单'!$Q$5:$Q$14,MATCH(A15,'项目清单'!$AB$5:$AB$14,0))) | F15: =IF(B15="","",INDEX('项目清单'!$Z$5:$Z$14,MATCH(A15,'项目清单'!$AB$5:$AB$14,0))) | G15: =IF(B15="","",INDEX('项目清单'!$AC$5:$AC$14,MATCH(A15,'项目清单'!$AB$5:$AB$14,0))) | H15: =IF(B15="","",INDEX('项目清单'!$AD$5:$AD$14,MATCH(A15,'项目清单'!$AB$5:$AB$14,0)))
A16: 9 | B16: =IFERROR(INDEX('项目清单'!$B$5:$B$14,MATCH(A16,'项目清单'!$AB$5:$AB$14,0)),"") | C16: =IF(B16="","",INDEX('项目清单'!$X$5:$X$14,MATCH(A16,'项目清单'!$AB$5:$AB$14,0))) | D16: =IF(B16="","",INDEX('项目清单'!$Y$5:$Y$14,MATCH(A16,'项目清单'!$AB$5:$AB$14,0))) | E16: =IF(B16="","",INDEX('项目清单'!$Q$5:$Q$14,MATCH(A16,'项目清单'!$AB$5:$AB$14,0))) | F16: =IF(B16="","",INDEX('项目清单'!$Z$5:$Z$14,MATCH(A16,'项目清单'!$AB$5:$AB$14,0))) | G16: =IF(B16="","",INDEX('项目清单'!$AC$5:$AC$14,MATCH(A16,'项目清单'!$AB$5:$AB$14,0))) | H16: =IF(B16="","",INDEX('项目清单'!$AD$5:$AD$14,MATCH(A16,'项目清单'!$AB$5:$AB$14,0)))
A17: 10 | B17: =IFERROR(INDEX('项目清单'!$B$5:$B$14,MATCH(A17,'项目清单'!$AB$5:$AB$14,0)),"") | C17: =IF(B17="","",INDEX('项目清单'!$X$5:$X$14,MATCH(A17,'项目清单'!$AB$5:$AB$14,0))) | D17: =IF(B17="","",INDEX('项目清单'!$Y$5:$Y$14,MATCH(A17,'项目清单'!$AB$5:$AB$14,0))) | E17: =IF(B17="","",INDEX('项目清单'!$Q$5:$Q$14,MATCH(A17,'项目清单'!$AB$5:$AB$14,0))) | F17: =IF(B17="","",INDEX('项目清单'!$Z$5:$Z$14,MATCH(A17,'项目清单'!$AB$5:$AB$14,0))) | G17: =IF(B17="","",INDEX('项目清单'!$AC$5:$AC$14,MATCH(A17,'项目清单'!$AB$5:$AB$14,0))) | H17: =IF(B17="","",INDEX('项目清单'!$AD$5:$AD$14,MATCH(A17,'项目清单'!$AB$5:$AB$14,0)))
A20: 项目 | B20: 产品商业 | C20: 场景实用 | D20: Spark竞赛 | E20: 演示闭环 | F20: 数据评估 | G20: 交付风险
A21: =IFERROR(INDEX('项目清单'!$B$5:$B$14,MATCH(1,'项目清单'!$AB$5:$AB$14,0)),"") | B21: =IF($A21="","",INDEX('项目清单'!$R$5:$R$14,MATCH(1,'项目清单'!$AB$5:$AB$14,0))) | C21: =IF($A21="","",INDEX('项目清单'!$S$5:$S$14,MATCH(1,'项目清单'!$AB$5:$AB$14,0))) | D21: =IF($A21="","",INDEX('项目清单'!$T$5:$T$14,MATCH(1,'项目清单'!$AB$5:$AB$14,0))) | E21: =IF($A21="","",INDEX('项目清单'!$U$5:$U$14,MATCH(1,'项目清单'!$AB$5:$AB$14,0))) | F21: =IF($A21="","",INDEX('项目清单'!$V$5:$V$14,MATCH(1,'项目清单'!$AB$5:$AB$14,0))) | G21: =IF($A21="","",INDEX('项目清单'!$W$5:$W$14,MATCH(1,'项目清单'!$AB$5:$AB$14,0)))
A22: =IFERROR(INDEX('项目清单'!$B$5:$B$14,MATCH(2,'项目清单'!$AB$5:$AB$14,0)),"") | B22: =IF($A22="","",INDEX('项目清单'!$R$5:$R$14,MATCH(2,'项目清单'!$AB$5:$AB$14,0))) | C22: =IF($A22="","",INDEX('项目清单'!$S$5:$S$14,MATCH(2,'项目清单'!$AB$5:$AB$14,0))) | D22: =IF($A22="","",INDEX('项目清单'!$T$5:$T$14,MATCH(2,'项目清单'!$AB$5:$AB$14,0))) | E22: =IF($A22="","",INDEX('项目清单'!$U$5:$U$14,MATCH(2,'项目清单'!$AB$5:$AB$14,0))) | F22: =IF($A22="","",INDEX('项目清单'!$V$5:$V$14,MATCH(2,'项目清单'!$AB$5:$AB$14,0))) | G22: =IF($A22="","",INDEX('项目清单'!$W$5:$W$14,MATCH(2,'项目清单'!$AB$5:$AB$14,0)))
A23: =IFERROR(INDEX('项目清单'!$B$5:$B$14,MATCH(3,'项目清单'!$AB$5:$AB$14,0)),"") | B23: =IF($A23="","",INDEX('项目清单'!$R$5:$R$14,MATCH(3,'项目清单'!$AB$5:$AB$14,0))) | C23: =IF($A23="","",INDEX('项目清单'!$S$5:$S$14,MATCH(3,'项目清单'!$AB$5:$AB$14,0))) | D23: =IF($A23="","",INDEX('项目清单'!$T$5:$T$14,MATCH(3,'项目清单'!$AB$5:$AB$14,0))) | E23: =IF($A23="","",INDEX('项目清单'!$U$5:$U$14,MATCH(3,'项目清单'!$AB$5:$AB$14,0))) | F23: =IF($A23="","",INDEX('项目清单'!$V$5:$V$14,MATCH(3,'项目清单'!$AB$5:$AB$14,0))) | G23: =IF($A23="","",INDEX('项目清单'!$W$5:$W$14,MATCH(3,'项目清单'!$AB$5:$AB$14,0)))
A24: =IFERROR(INDEX('项目清单'!$B$5:$B$14,MATCH(4,'项目清单'!$AB$5:$AB$14,0)),"") | B24: =IF($A24="","",INDEX('项目清单'!$R$5:$R$14,MATCH(4,'项目清单'!$AB$5:$AB$14,0))) | C24: =IF($A24="","",INDEX('项目清单'!$S$5:$S$14,MATCH(4,'项目清单'!$AB$5:$AB$14,0))) | D24: =IF($A24="","",INDEX('项目清单'!$T$5:$T$14,MATCH(4,'项目清单'!$AB$5:$AB$14,0))) | E24: =IF($A24="","",INDEX('项目清单'!$U$5:$U$14,MATCH(4,'项目清单'!$AB$5:$AB$14,0))) | F24: =IF($A24="","",INDEX('项目清单'!$V$5:$V$14,MATCH(4,'项目清单'!$AB$5:$AB$14,0))) | G24: =IF($A24="","",INDEX('项目清单'!$W$5:$W$14,MATCH(4,'项目清单'!$AB$5:$AB$14,0)))
A25: =IFERROR(INDEX('项目清单'!$B$5:$B$14,MATCH(5,'项目清单'!$AB$5:$AB$14,0)),"") | B25: =IF($A25="","",INDEX('项目清单'!$R$5:$R$14,MATCH(5,'项目清单'!$AB$5:$AB$14,0))) | C25: =IF($A25="","",INDEX('项目清单'!$S$5:$S$14,MATCH(5,'项目清单'!$AB$5:$AB$14,0))) | D25: =IF($A25="","",INDEX('项目清单'!$T$5:$T$14,MATCH(5,'项目清单'!$AB$5:$AB$14,0))) | E25: =IF($A25="","",INDEX('项目清单'!$U$5:$U$14,MATCH(5,'项目清单'!$AB$5:$AB$14,0))) | F25: =IF($A25="","",INDEX('项目清单'!$V$5:$V$14,MATCH(5,'项目清单'!$AB$5:$AB$14,0))) | G25: =IF($A25="","",INDEX('项目清单'!$W$5:$W$14,MATCH(5,'项目清单'!$AB$5:$AB$14,0)))
A26: =IFERROR(INDEX('项目清单'!$B$5:$B$14,MATCH(6,'项目清单'!$AB$5:$AB$14,0)),"") | B26: =IF($A26="","",INDEX('项目清单'!$R$5:$R$14,MATCH(6,'项目清单'!$AB$5:$AB$14,0))) | C26: =IF($A26="","",INDEX('项目清单'!$S$5:$S$14,MATCH(6,'项目清单'!$AB$5:$AB$14,0))) | D26: =IF($A26="","",INDEX('项目清单'!$T$5:$T$14,MATCH(6,'项目清单'!$AB$5:$AB$14,0))) | E26: =IF($A26="","",INDEX('项目清单'!$U$5:$U$14,MATCH(6,'项目清单'!$AB$5:$AB$14,0))) | F26: =IF($A26="","",INDEX('项目清单'!$V$5:$V$14,MATCH(6,'项目清单'!$AB$5:$AB$14,0))) | G26: =IF($A26="","",INDEX('项目清单'!$W$5:$W$14,MATCH(6,'项目清单'!$AB$5:$AB$14,0)))
A27: =IFERROR(INDEX('项目清单'!$B$5:$B$14,MATCH(7,'项目清单'!$AB$5:$AB$14,0)),"") | B27: =IF($A27="","",INDEX('项目清单'!$R$5:$R$14,MATCH(7,'项目清单'!$AB$5:$AB$14,0))) | C27: =IF($A27="","",INDEX('项目清单'!$S$5:$S$14,MATCH(7,'项目清单'!$AB$5:$AB$14,0))) | D27: =IF($A27="","",INDEX('项目清单'!$T$5:$T$14,MATCH(7,'项目清单'!$AB$5:$AB$14,0))) | E27: =IF($A27="","",INDEX('项目清单'!$U$5:$U$14,MATCH(7,'项目清单'!$AB$5:$AB$14,0))) | F27: =IF($A27="","",INDEX('项目清单'!$V$5:$V$14,MATCH(7,'项目清单'!$AB$5:$AB$14,0))) | G27: =IF($A27="","",INDEX('项目清单'!$W$5:$W$14,MATCH(7,'项目清单'!$AB$5:$AB$14,0)))
A28: =IFERROR(INDEX('项目清单'!$B$5:$B$14,MATCH(8,'项目清单'!$AB$5:$AB$14,0)),"") | B28: =IF($A28="","",INDEX('项目清单'!$R$5:$R$14,MATCH(8,'项目清单'!$AB$5:$AB$14,0))) | C28: =IF($A28="","",INDEX('项目清单'!$S$5:$S$14,MATCH(8,'项目清单'!$AB$5:$AB$14,0))) | D28: =IF($A28="","",INDEX('项目清单'!$T$5:$T$14,MATCH(8,'项目清单'!$AB$5:$AB$14,0))) | E28: =IF($A28="","",INDEX('项目清单'!$U$5:$U$14,MATCH(8,'项目清单'!$AB$5:$AB$14,0))) | F28: =IF($A28="","",INDEX('项目清单'!$V$5:$V$14,MATCH(8,'项目清单'!$AB$5:$AB$14,0))) | G28: =IF($A28="","",INDEX('项目清单'!$W$5:$W$14,MATCH(8,'项目清单'!$AB$5:$AB$14,0)))
A29: =IFERROR(INDEX('项目清单'!$B$5:$B$14,MATCH(9,'项目清单'!$AB$5:$AB$14,0)),"") | B29: =IF($A29="","",INDEX('项目清单'!$R$5:$R$14,MATCH(9,'项目清单'!$AB$5:$AB$14,0))) | C29: =IF($A29="","",INDEX('项目清单'!$S$5:$S$14,MATCH(9,'项目清单'!$AB$5:$AB$14,0))) | D29: =IF($A29="","",INDEX('项目清单'!$T$5:$T$14,MATCH(9,'项目清单'!$AB$5:$AB$14,0))) | E29: =IF($A29="","",INDEX('项目清单'!$U$5:$U$14,MATCH(9,'项目清单'!$AB$5:$AB$14,0))) | F29: =IF($A29="","",INDEX('项目清单'!$V$5:$V$14,MATCH(9,'项目清单'!$AB$5:$AB$14,0))) | G29: =IF($A29="","",INDEX('项目清单'!$W$5:$W$14,MATCH(9,'项目清单'!$AB$5:$AB$14,0)))
A30: =IFERROR(INDEX('项目清单'!$B$5:$B$14,MATCH(10,'项目清单'!$AB$5:$AB$14,0)),"") | B30: =IF($A30="","",INDEX('项目清单'!$R$5:$R$14,MATCH(10,'项目清单'!$AB$5:$AB$14,0))) | C30: =IF($A30="","",INDEX('项目清单'!$S$5:$S$14,MATCH(10,'项目清单'!$AB$5:$AB$14,0))) | D30: =IF($A30="","",INDEX('项目清单'!$T$5:$T$14,MATCH(10,'项目清单'!$AB$5:$AB$14,0))) | E30: =IF($A30="","",INDEX('项目清单'!$U$5:$U$14,MATCH(10,'项目清单'!$AB$5:$AB$14,0))) | F30: =IF($A30="","",INDEX('项目清单'!$V$5:$V$14,MATCH(10,'项目清单'!$AB$5:$AB$14,0))) | G30: =IF($A30="","",INDEX('项目清单'!$W$5:$W$14,MATCH(10,'项目清单'!$AB$5:$AB$14,0)))
A32: 判读顺序：先看门槛 → 再看共识总分 → 再看证据 → 最后确认评分完整度。高分、低证据的项目不是冠军，而是最值得优先验证的假设；无法共识的地方写入保留意见。
